No.,weight
r0a0n100,581.94
r0a0n110,586.62
r0a0n120,584.08
r0a0n130,535.78
r0a0n140,571.22
r0a0n150,598.33
r0a0n160,533.13
r0a0n170,598.9
r0a0n180,545.79
r0a0n190,591.61
r0a0n200,529.45
r0a0n210,530.11
r0a0n220,572.43
r0a0n230,599.79
r0a0n240,592.34
r0a0n250,613.05
r0a0n260,533.98
r0a0n270,561.85
r0a0n280,584.16
r0a0n290,602.35
r0a1n100,565.65
r0a1n110,519.07
r0a1n120,522.84
r0a1n130,583.16
r0a1n140,561.22
r0a1n150,569.33
r0a1n160,583.74
r0a1n170,547.13
r0a1n180,519.28
r0a1n190,538.38
r0a1n200,606.31
r0a1n210,571.13
r0a1n220,548.78
r0a1n230,583.71
r0a1n240,570.81
r0a1n250,547.47
r0a1n260,551.56
r0a1n270,593.03
r0a1n280,547.1
r0a1n290,530.32
r0a2n100,573.14
r0a2n110,589.75
r0a2n120,587.49
r0a2n130,531.49
r0a2n140,581.06
r0a2n150,545.44
r0a2n160,567.58
r0a2n170,600.23
r0a2n180,568.77
r0a2n190,565.75
r0a2n200,524.55
r0a2n210,529.7
r0a2n220,602.12
r0a2n230,522.76
r0a2n240,523.88
r0a2n250,566.8
r0a2n260,577.48
r0a2n270,589.21
r0a2n280,532.5
r0a2n290,560.29
r0a3n100,544.04
r0a3n110,558.21
r0a3n120,528.04
r0a3n130,615.37
r0a3n140,537.97
r0a3n150,583.77
r0a3n160,548.9
r0a3n170,528.52
r0a3n180,562.94
r0a3n190,602.2
r0a3n200,527.66
r0a3n210,601.09
r0a3n220,601.75
r0a3n230,567.37
r0a3n240,561.0
r0a3n250,520.17
r0a3n260,616.55
r0a3n270,547.13
r0a3n280,525.18
r0a3n290,556.68
r0a4n100,586.88
r0a4n110,526.79
r0a4n120,604.08
r0a4n130,551.93
r0a4n140,580.66
r0a4n150,519.63
r0a4n160,567.24
r0a4n170,546.7
r0a4n180,552.41
r0a4n190,547.75
r0a4n200,521.01
r0a4n210,535.55
r0a4n220,533.98
r0a4n230,524.28
r0a4n240,554.41
r0a4n250,526.14
r0a4n260,564.71
r0a4n270,567.44
r0a4n280,601.76
r0a4n290,566.38
r0a5n100,593.1
r0a5n110,613.28
r0a5n120,589.42
r0a5n130,582.74
r0a5n140,559.89
r0a5n150,525.11
r0a5n160,611.99
r0a5n170,547.48
r0a5n180,522.3
r0a5n190,609.49
r0a5n200,600.17
r0a5n210,538.62
r0a5n220,608.87
r0a5n230,580.58
r0a5n240,573.14
r0a5n250,570.44
r0a5n260,550.66
r0a5n270,582.42
r0a5n280,608.18
r0a5n290,582.66
r0a6n100,579.44
r0a6n110,582.52
r0a6n120,530.02
r0a6n130,527.93
r0a6n140,572.4
r0a6n150,617.25
r0a6n160,608.13
r0a6n170,535.1
r0a6n180,572.6
r0a6n190,532.57
r0a6n200,541.22
r0a6n210,568.29
r0a6n220,537.62
r0a6n230,538.49
r0a6n240,530.02
r0a6n250,538.06
r0a6n260,596.84
r0a6n270,580.85
r0a6n280,572.19
r0a6n290,546.96
r0a7n100,528.29
r0a7n110,579.8
r0a7n120,580.82
r0a7n130,541.44
r0a7n140,522.13
r0a7n150,598.8
r0a7n160,599.45
r0a7n170,539.46
r0a7n180,603.97
r0a7n190,545.39
r0a7n200,559.33
r0a7n210,568.77
r0a7n220,594.79
r0a7n230,578.64
r0a7n240,536.44
r0a7n250,525.78
r0a7n260,576.21
r0a7n270,602.59
r0a7n280,561.71
r0a7n290,593.42
r0a8n100,547.41
r0a8n110,536.15
r0a8n120,575.47
r0a8n130,561.74
r0a8n140,585.71
r0a8n150,557.37
r0a8n160,581.22
r0a8n170,574.81
r0a8n180,528.37
r0a8n190,599.58
r0a8n200,532.25
r0a8n210,581.27
r0a8n220,521.84
r0a8n230,534.74
r0a8n240,563.04
r0a8n250,585.66
r0a8n260,582.02
r0a8n270,570.45
r0a8n280,525.28
r0a8n290,567.99
r0a9n100,615.52
r0a9n110,523.89
r0a9n120,532.33
r0a9n130,587.93
r0a9n140,573.3
r0a9n150,558.67
r0a9n160,613.57
r0a9n170,575.97
r0a9n180,528.72
r0a9n190,601.68
r0a9n200,558.52
r0a9n210,540.07
r0a9n220,544.7
r0a9n230,610.83
r0a9n240,536.77
r0a9n250,577.39
r0a9n260,546.09
r0a9n270,555.48
r0a9n280,567.39
r0a9n290,579.79
r0a10n100,539.24
r0a10n110,525.71
r0a10n120,597.55
r0a10n130,592.43
r0a10n140,596.36
r0a10n150,598.82
r0a10n160,528.28
r0a10n170,553.95
r0a10n180,553.32
r0a10n190,555.74
r0a10n200,595.36
r0a10n210,588.88
r0a10n220,565.17
r0a10n230,542.59
r0a10n240,543.09
r0a10n250,617.5
r0a10n260,618.9
r0a10n270,570.75
r0a10n280,537.36
r0a10n290,616.86
r0a11n100,578.09
r0a11n110,609.33
r0a11n120,524.84
r0a11n130,599.53
r0a11n140,552.32
r0a11n150,521.92
r0a11n160,527.55
r0a11n170,542.22
r0a11n180,613.56
r0a11n190,536.7
r0a11n200,570.33
r0a11n210,603.93
r0a11n220,551.4
r0a11n230,593.79
r0a11n240,556.14
r0a11n250,574.3
r0a11n260,614.7
r0a11n270,606.07
r0a11n280,592.68
r0a11n290,554.26
r0a12n100,528.03
r0a12n110,567.33
r0a12n120,570.35
r0a12n130,544.34
r0a12n140,526.34
r0a12n150,585.79
r0a12n160,584.52
r0a12n170,602.64
r0a12n180,579.87
r0a12n190,529.92
r0a12n200,605.22
r0a12n210,549.38
r0a12n220,580.91
r0a12n230,526.58
r0a12n240,596.29
r0a12n250,541.43
r0a12n260,545.46
r0a12n270,618.2
r0a12n280,610.09
r0a12n290,599.35
r0a13n100,548.52
r0a13n110,550.62
r0a13n120,543.7
r0a13n130,529.31
r0a13n140,529.73
r0a13n150,600.77
r0a13n160,598.1
r0a13n170,536.57
r0a13n180,559.57
r0a13n190,596.44
r0a13n200,596.63
r0a13n210,589.87
r0a13n220,533.4
r0a13n230,605.35
r0a13n240,556.4
r0a13n250,593.01
r0a13n260,604.07
r0a13n270,593.49
r0a13n280,582.6
r0a13n290,540.24
r0a14n100,545.7
r0a14n110,539.5
r0a14n120,561.37
r0a14n130,542.99
r0a14n140,594.87
r0a14n150,563.02
r0a14n160,525.24
r0a14n170,609.6
r0a14n180,610.38
r0a14n190,529.22
r0a14n200,560.25
r0a14n210,570.22
r0a14n220,602.77
r0a14n230,607.55
r0a14n240,599.87
r0a14n250,610.98
r0a14n260,552.49
r0a14n270,570.97
r0a14n280,587.27
r0a14n290,566.15
r0a15n100,519.86
r0a15n110,608.42
r0a15n120,524.43
r0a15n130,577.03
r0a15n140,570.7
r0a15n150,611.31
r0a15n160,557.35
r0a15n170,584.32
r0a15n180,606.99
r0a15n190,608.67
r0a15n200,536.0
r0a15n210,565.43
r0a15n220,615.19
r0a15n230,545.41
r0a15n240,564.09
r0a15n250,593.1
r0a15n260,607.68
r0a15n270,581.05
r0a15n280,536.12
r0a15n290,578.93
r0a16n100,525.86
r0a16n110,575.08
r0a16n120,559.54
r0a16n130,549.26
r0a16n140,607.19
r0a16n150,534.13
r0a16n160,600.81
r0a16n170,601.79
r0a16n180,561.35
r0a16n190,533.63
r0a16n200,572.31
r0a16n210,528.1
r0a16n220,545.13
r0a16n230,589.27
r0a16n240,536.93
r0a16n250,585.75
r0a16n260,612.48
r0a16n270,547.28
r0a16n280,583.12
r0a16n290,527.17
r0a17n100,556.24
r0a17n110,588.2
r0a17n120,584.74
r0a17n130,537.43
r0a17n140,568.09
r0a17n150,524.37
r0a17n160,613.92
r0a17n170,608.65
r0a17n180,543.08
r0a17n190,551.48
r0a17n200,542.01
r0a17n210,532.9
r0a17n220,613.39
r0a17n230,593.2
r0a17n240,542.28
r0a17n250,558.16
r0a17n260,549.41
r0a17n270,555.63
r0a17n280,564.05
r0a17n290,562.61
r0a18n100,590.02
r0a18n110,578.09
r0a18n120,540.12
r0a18n130,547.55
r0a18n140,558.83
r0a18n150,530.99
r0a18n160,576.9
r0a18n170,568.44
r0a18n180,602.58
r0a18n190,572.3
r0a18n200,586.36
r0a18n210,601.51
r0a18n220,533.02
r0a18n230,564.72
r0a18n240,562.49
r0a18n250,585.11
r0a18n260,604.2
r0a18n270,538.95
r0a18n280,566.83
r0a18n290,603.24
r0a19n100,522.09
r0a19n110,566.57
r0a19n120,576.56
r0a19n130,614.71
r0a19n140,592.35
r0a19n150,599.4
r0a19n160,560.27
r0a19n170,592.66
r0a19n180,567.04
r0a19n190,600.41
r0a19n200,537.51
r0a19n210,601.67
r0a19n220,551.11
r0a19n230,618.29
r0a19n240,547.64
r0a19n250,574.02
r0a19n260,560.26
r0a19n270,525.28
r0a19n280,529.08
r0a19n290,543.8
r0a20n100,603.73
r0a20n110,611.67
r0a20n120,523.27
r0a20n130,536.4
r0a20n140,614.4
r0a20n150,574.22
r0a20n160,574.81
r0a20n170,617.24
r0a20n180,522.84
r0a20n190,534.38
r0a20n200,618.54
r0a20n210,608.88
r0a20n220,605.82
r0a20n230,582.09
r0a20n240,531.61
r0a20n250,564.54
r0a20n260,546.31
r0a20n270,558.84
r0a20n280,528.1
r0a20n290,581.45
r0a21n100,526.67
r0a21n110,562.11
r0a21n120,528.48
r0a21n130,545.76
r0a21n140,612.47
r0a21n150,588.44
r0a21n160,597.93
r0a21n170,547.16
r0a21n180,534.22
r0a21n190,545.36
r0a21n200,519.94
r0a21n210,554.97
r0a21n220,565.36
r0a21n230,548.72
r0a21n240,578.24
r0a21n250,586.36
r0a21n260,558.75
r0a21n270,597.81
r0a21n280,616.46
r0a21n290,611.17
r0a22n100,570.31
r0a22n110,536.75
r0a22n120,543.88
r0a22n130,561.66
r0a22n140,603.71
r0a22n150,579.36
r0a22n160,607.58
r0a22n170,547.39
r0a22n180,524.02
r0a22n190,605.9
r0a22n200,583.26
r0a22n210,526.67
r0a22n220,558.23
r0a22n230,563.71
r0a22n240,524.57
r0a22n250,588.57
r0a22n260,614.19
r0a22n270,555.32
r0a22n280,597.76
r0a22n290,617.45
r0a23n100,584.3
r0a23n110,591.48
r0a23n120,586.32
r0a23n130,557.93
r0a23n140,557.76
r0a23n150,607.74
r0a23n160,551.69
r0a23n170,573.57
r0a23n180,536.13
r0a23n190,593.47
r0a23n200,523.52
r0a23n210,563.31
r0a23n220,580.96
r0a23n230,544.27
r0a23n240,589.57
r0a23n250,535.48
r0a23n260,616.27
r0a23n270,605.11
r0a23n280,577.28
r0a23n290,599.02
r0a24n100,581.77
r0a24n110,560.04
r0a24n120,612.39
r0a24n130,580.78
r0a24n140,587.49
r0a24n150,555.48
r0a24n160,529.37
r0a24n170,532.66
r0a24n180,549.0
r0a24n190,597.42
r0a24n200,545.92
r0a24n210,559.8
r0a24n220,599.69
r0a24n230,552.07
r0a24n240,544.88
r0a24n250,578.45
r0a24n260,616.51
r0a24n270,572.57
r0a24n280,533.28
r0a24n290,524.32
r0a25n100,521.89
r0a25n110,608.3
r0a25n120,570.67
r0a25n130,538.38
r0a25n140,607.58
r0a25n150,532.82
r0a25n160,534.51
r0a25n170,604.17
r0a25n180,586.38
r0a25n190,522.0
r0a25n200,585.94
r0a25n210,530.56
r0a25n220,575.37
r0a25n230,546.08
r0a25n240,576.03
r0a25n250,533.89
r0a25n260,543.13
r0a25n270,535.97
r0a25n280,571.54
r0a25n290,584.4
r0a26n100,578.4
r0a26n110,593.79
r0a26n120,567.44
r0a26n130,606.96
r0a26n140,524.9
r0a26n150,608.84
r0a26n160,612.11
r0a26n170,528.28
r0a26n180,532.66
r0a26n190,593.47
r0a26n200,597.23
r0a26n210,572.19
r0a26n220,617.89
r0a26n230,569.85
r0a26n240,575.54
r0a26n250,592.14
r0a26n260,570.49
r0a26n270,562.44
r0a26n280,524.4
r0a26n290,547.87
r0a27n100,588.83
r0a27n110,601.61
r0a27n120,558.08
r0a27n130,568.83
r0a27n140,602.05
r0a27n150,569.82
r0a27n160,539.45
r0a27n170,530.11
r0a27n180,555.91
r0a27n190,534.5
r0a27n200,571.7
r0a27n210,592.84
r0a27n220,608.3
r0a27n230,588.63
r0a27n240,562.01
r0a27n250,590.21
r0a27n260,599.79
r0a27n270,533.21
r0a27n280,583.0
r0a27n290,551.06
r0a28n100,540.21
r0a28n110,570.6
r0a28n120,524.26
r0a28n130,576.84
r0a28n140,521.28
r0a28n150,615.33
r0a28n160,601.69
r0a28n170,571.03
r0a28n180,557.6
r0a28n190,524.04
r0a28n200,590.58
r0a28n210,565.47
r0a28n220,534.2
r0a28n230,521.78
r0a28n240,582.15
r0a28n250,601.43
r0a28n260,603.03
r0a28n270,534.08
r0a28n280,597.57
r0a28n290,598.29
r0a29n100,540.34
r0a29n110,532.94
r0a29n120,536.19
r0a29n130,571.04
r0a29n140,599.49
r0a29n150,570.71
r0a29n160,534.98
r0a29n170,569.83
r0a29n180,577.44
r0a29n190,552.25
r0a29n200,597.77
r0a29n210,552.73
r0a29n220,575.48
r0a29n230,557.13
r0a29n240,544.57
r0a29n250,549.63
r0a29n260,559.98
r0a29n270,558.63
r0a29n280,560.06
r0a29n290,535.39
r0a30n100,538.21
r0a30n110,579.37
r0a30n120,568.24
r0a30n130,588.38
r0a30n140,541.26
r0a30n150,553.91
r0a30n160,534.38
r0a30n170,521.1
r0a30n180,581.11
r0a30n190,609.15
r0a30n200,543.55
r0a30n210,564.41
r0a30n220,582.4
r0a30n230,557.81
r0a30n240,553.97
r0a30n250,599.96
r0a30n260,592.14
r0a30n270,543.01
r0a30n280,526.12
r0a30n290,553.9
r1a0n100,2308.02
r1a0n110,2241.53
r1a0n120,2351.51
r1a0n130,2081.18
r1a0n140,2293.34
r1a0n150,2068.94
r1a0n160,2180.16
r1a0n170,2283.48
r1a0n180,2202.0
r1a0n190,2158.73
r1a0n200,2239.06
r1a0n210,2256.2
r1a0n220,2195.82
r1a0n230,2325.72
r1a0n240,2263.85
r1a0n250,2069.72
r1a0n260,2216.48
r1a0n270,2273.11
r1a0n280,2303.86
r1a0n290,2123.03
r1a1n100,2093.0
r1a1n110,2261.06
r1a1n120,2263.77
r1a1n130,2242.12
r1a1n140,2259.93
r1a1n150,2226.45
r1a1n160,2224.91
r1a1n170,2122.5
r1a1n180,2120.43
r1a1n190,2341.1
r1a1n200,2225.84
r1a1n210,2166.95
r1a1n220,2290.02
r1a1n230,2064.94
r1a1n240,2258.09
r1a1n250,2204.29
r1a1n260,2121.17
r1a1n270,2110.53
r1a1n280,2074.7
r1a1n290,2091.63
r1a2n100,2220.86
r1a2n110,2141.66
r1a2n120,2186.29
r1a2n130,2168.2
r1a2n140,2262.85
r1a2n150,2291.03
r1a2n160,2210.88
r1a2n170,2205.39
r1a2n180,2186.4
r1a2n190,2268.58
r1a2n200,2273.52
r1a2n210,2122.7
r1a2n220,2348.83
r1a2n230,2162.04
r1a2n240,2227.94
r1a2n250,2302.14
r1a2n260,2191.2
r1a2n270,2324.77
r1a2n280,2349.92
r1a2n290,2201.71
r1a3n100,2147.65
r1a3n110,2167.8
r1a3n120,2298.4
r1a3n130,2132.03
r1a3n140,2335.63
r1a3n150,2322.96
r1a3n160,2274.87
r1a3n170,2202.93
r1a3n180,2112.08
r1a3n190,2235.01
r1a3n200,2166.35
r1a3n210,2276.62
r1a3n220,2298.53
r1a3n230,2202.44
r1a3n240,2280.37
r1a3n250,2321.48
r1a3n260,2347.6
r1a3n270,2127.06
r1a3n280,2150.28
r1a3n290,2248.81
r1a4n100,2188.66
r1a4n110,2343.85
r1a4n120,2123.23
r1a4n130,2096.39
r1a4n140,2320.66
r1a4n150,2123.71
r1a4n160,2094.23
r1a4n170,2330.19
r1a4n180,2177.1
r1a4n190,2231.18
r1a4n200,2081.22
r1a4n210,2150.87
r1a4n220,2356.0
r1a4n230,2064.85
r1a4n240,2260.12
r1a4n250,2187.84
r1a4n260,2272.83
r1a4n270,2187.29
r1a4n280,2138.33
r1a4n290,2168.53
r1a5n100,2123.79
r1a5n110,2112.15
r1a5n120,2297.21
r1a5n130,2193.03
r1a5n140,2283.56
r1a5n150,2357.06
r1a5n160,2253.64
r1a5n170,2354.02
r1a5n180,2315.27
r1a5n190,2243.55
r1a5n200,2186.61
r1a5n210,2281.53
r1a5n220,2082.21
r1a5n230,2270.84
r1a5n240,2181.89
r1a5n250,2177.43
r1a5n260,2307.46
r1a5n270,2071.37
r1a5n280,2065.36
r1a5n290,2320.71
r1a6n100,2162.66
r1a6n110,2307.55
r1a6n120,2322.57
r1a6n130,2082.06
r1a6n140,2308.13
r1a6n150,2308.34
r1a6n160,2234.28
r1a6n170,2238.66
r1a6n180,2094.55
r1a6n190,2212.52
r1a6n200,2181.07
r1a6n210,2146.79
r1a6n220,2189.55
r1a6n230,2277.69
r1a6n240,2348.96
r1a6n250,2083.58
r1a6n260,2308.18
r1a6n270,2308.83
r1a6n280,2323.61
r1a6n290,2314.68
r1a7n100,2339.5
r1a7n110,2104.48
r1a7n120,2164.64
r1a7n130,2267.89
r1a7n140,2348.47
r1a7n150,2074.16
r1a7n160,2262.75
r1a7n170,2195.76
r1a7n180,2137.14
r1a7n190,2324.25
r1a7n200,2177.85
r1a7n210,2344.41
r1a7n220,2211.26
r1a7n230,2198.22
r1a7n240,2349.39
r1a7n250,2143.27
r1a7n260,2211.89
r1a7n270,2307.98
r1a7n280,2083.37
r1a7n290,2157.82
r1a8n100,2310.51
r1a8n110,2262.97
r1a8n120,2282.89
r1a8n130,2349.86
r1a8n140,2137.31
r1a8n150,2213.54
r1a8n160,2355.96
r1a8n170,2086.53
r1a8n180,2322.05
r1a8n190,2208.52
r1a8n200,2206.97
r1a8n210,2239.83
r1a8n220,2111.79
r1a8n230,2101.54
r1a8n240,2110.02
r1a8n250,2303.02
r1a8n260,2309.15
r1a8n270,2190.1
r1a8n280,2085.59
r1a8n290,2301.25
r1a9n100,2356.13
r1a9n110,2234.74
r1a9n120,2101.71
r1a9n130,2178.55
r1a9n140,2189.69
r1a9n150,2072.48
r1a9n160,2090.34
r1a9n170,2100.61
r1a9n180,2346.53
r1a9n190,2247.05
r1a9n200,2066.99
r1a9n210,2353.73
r1a9n220,2216.08
r1a9n230,2257.94
r1a9n240,2207.21
r1a9n250,2253.91
r1a9n260,2240.88
r1a9n270,2244.1
r1a9n280,2312.38
r1a9n290,2252.77
r1a10n100,2229.02
r1a10n110,2223.73
r1a10n120,2091.25
r1a10n130,2141.35
r1a10n140,2319.76
r1a10n150,2132.56
r1a10n160,2297.9
r1a10n170,2342.26
r1a10n180,2332.31
r1a10n190,2278.52
r1a10n200,2110.04
r1a10n210,2307.43
r1a10n220,2213.36
r1a10n230,2257.43
r1a10n240,2141.48
r1a10n250,2254.51
r1a10n260,2345.39
r1a10n270,2063.72
r1a10n280,2223.37
r1a10n290,2241.39
r1a11n100,2120.92
r1a11n110,2220.23
r1a11n120,2224.86
r1a11n130,2214.7
r1a11n140,2159.68
r1a11n150,2256.28
r1a11n160,2216.55
r1a11n170,2264.9
r1a11n180,2171.33
r1a11n190,2125.01
r1a11n200,2308.59
r1a11n210,2107.95
r1a11n220,2219.86
r1a11n230,2344.83
r1a11n240,2279.99
r1a11n250,2162.91
r1a11n260,2200.14
r1a11n270,2343.83
r1a11n280,2239.11
r1a11n290,2283.52
r1a12n100,2190.06
r1a12n110,2355.88
r1a12n120,2320.1
r1a12n130,2127.53
r1a12n140,2216.08
r1a12n150,2216.08
r1a12n160,2291.38
r1a12n170,2092.42
r1a12n180,2084.61
r1a12n190,2064.24
r1a12n200,2105.59
r1a12n210,2247.85
r1a12n220,2280.18
r1a12n230,2238.66
r1a12n240,2218.92
r1a12n250,2087.5
r1a12n260,2281.83
r1a12n270,2247.59
r1a12n280,2257.95
r1a12n290,2250.99
r1a13n100,2154.4
r1a13n110,2327.05
r1a13n120,2167.1
r1a13n130,2306.75
r1a13n140,2118.23
r1a13n150,2335.95
r1a13n160,2231.73
r1a13n170,2264.5
r1a13n180,2166.74
r1a13n190,2111.95
r1a13n200,2069.6
r1a13n210,2129.7
r1a13n220,2240.96
r1a13n230,2217.85
r1a13n240,2201.4
r1a13n250,2304.8
r1a13n260,2335.72
r1a13n270,2294.23
r1a13n280,2328.27
r1a13n290,2206.2
r1a14n100,2130.12
r1a14n110,2234.34
r1a14n120,2119.04
r1a14n130,2117.51
r1a14n140,2257.29
r1a14n150,2210.75
r1a14n160,2187.22
r1a14n170,2103.11
r1a14n180,2220.04
r1a14n190,2225.02
r1a14n200,2102.74
r1a14n210,2068.96
r1a14n220,2354.86
r1a14n230,2351.21
r1a14n240,2354.6
r1a14n250,2080.51
r1a14n260,2182.89
r1a14n270,2284.75
r1a14n280,2179.93
r1a14n290,2332.24
r1a15n100,2135.24
r1a15n110,2074.62
r1a15n120,2323.98
r1a15n130,2239.56
r1a15n140,2210.49
r1a15n150,2200.53
r1a15n160,2149.51
r1a15n170,2342.68
r1a15n180,2104.48
r1a15n190,2079.71
r1a15n200,2190.81
r1a15n210,2248.87
r1a15n220,2226.61
r1a15n230,2258.42
r1a15n240,2153.75
r1a15n250,2335.48
r1a15n260,2312.64
r1a15n270,2258.11
r1a15n280,2131.11
r1a15n290,2254.15
r1a16n100,2160.09
r1a16n110,2265.61
r1a16n120,2216.1
r1a16n130,2214.87
r1a16n140,2067.11
r1a16n150,2088.24
r1a16n160,2080.09
r1a16n170,2333.94
r1a16n180,2143.88
r1a16n190,2254.21
r1a16n200,2192.76
r1a16n210,2264.78
r1a16n220,2094.47
r1a16n230,2178.58
r1a16n240,2126.6
r1a16n250,2076.95
r1a16n260,2113.54
r1a16n270,2116.15
r1a16n280,2353.56
r1a16n290,2303.67
r1a17n100,2295.31
r1a17n110,2253.94
r1a17n120,2330.46
r1a17n130,2100.34
r1a17n140,2197.52
r1a17n150,2356.85
r1a17n160,2335.75
r1a17n170,2151.24
r1a17n180,2342.33
r1a17n190,2130.64
r1a17n200,2220.94
r1a17n210,2094.32
r1a17n220,2285.03
r1a17n230,2334.45
r1a17n240,2132.76
r1a17n250,2111.08
r1a17n260,2088.29
r1a17n270,2350.91
r1a17n280,2142.29
r1a17n290,2336.98
r1a18n100,2150.08
r1a18n110,2330.16
r1a18n120,2079.11
r1a18n130,2152.09
r1a18n140,2145.31
r1a18n150,2161.12
r1a18n160,2214.32
r1a18n170,2356.3
r1a18n180,2171.04
r1a18n190,2169.84
r1a18n200,2093.3
r1a18n210,2212.23
r1a18n220,2223.5
r1a18n230,2249.16
r1a18n240,2161.76
r1a18n250,2318.19
r1a18n260,2130.22
r1a18n270,2081.11
r1a18n280,2196.04
r1a18n290,2267.06
r1a19n100,2168.85
r1a19n110,2268.98
r1a19n120,2192.14
r1a19n130,2251.09
r1a19n140,2113.29
r1a19n150,2304.33
r1a19n160,2274.19
r1a19n170,2289.89
r1a19n180,2207.27
r1a19n190,2229.26
r1a19n200,2206.55
r1a19n210,2288.27
r1a19n220,2075.59
r1a19n230,2189.06
r1a19n240,2153.52
r1a19n250,2135.84
r1a19n260,2234.36
r1a19n270,2117.07
r1a19n280,2169.85
r1a19n290,2207.95
r1a20n100,2079.06
r1a20n110,2088.69
r1a20n120,2287.24
r1a20n130,2144.24
r1a20n140,2281.34
r1a20n150,2159.61
r1a20n160,2310.78
r1a20n170,2307.28
r1a20n180,2172.65
r1a20n190,2150.22
r1a20n200,2343.69
r1a20n210,2157.18
r1a20n220,2062.66
r1a20n230,2117.97
r1a20n240,2110.01
r1a20n250,2292.94
r1a20n260,2356.28
r1a20n270,2140.65
r1a20n280,2307.89
r1a20n290,2098.25
r1a21n100,2131.27
r1a21n110,2123.04
r1a21n120,2075.94
r1a21n130,2245.26
r1a21n140,2076.37
r1a21n150,2217.02
r1a21n160,2203.81
r1a21n170,2191.86
r1a21n180,2280.69
r1a21n190,2180.16
r1a21n200,2082.42
r1a21n210,2303.37
r1a21n220,2239.2
r1a21n230,2194.47
r1a21n240,2238.44
r1a21n250,2315.74
r1a21n260,2072.76
r1a21n270,2174.01
r1a21n280,2354.45
r1a21n290,2068.06
r1a22n100,2241.28
r1a22n110,2199.16
r1a22n120,2109.53
r1a22n130,2323.42
r1a22n140,2302.68
r1a22n150,2094.37
r1a22n160,2333.27
r1a22n170,2284.83
r1a22n180,2129.03
r1a22n190,2090.91
r1a22n200,2104.27
r1a22n210,2223.94
r1a22n220,2199.15
r1a22n230,2071.45
r1a22n240,2337.46
r1a22n250,2341.45
r1a22n260,2077.57
r1a22n270,2101.2
r1a22n280,2186.55
r1a22n290,2280.76
r1a23n100,2182.99
r1a23n110,2141.02
r1a23n120,2128.4
r1a23n130,2286.91
r1a23n140,2119.53
r1a23n150,2133.25
r1a23n160,2215.91
r1a23n170,2284.31
r1a23n180,2070.0
r1a23n190,2115.0
r1a23n200,2243.6
r1a23n210,2140.03
r1a23n220,2063.84
r1a23n230,2195.57
r1a23n240,2162.92
r1a23n250,2249.49
r1a23n260,2336.75
r1a23n270,2325.97
r1a23n280,2299.72
r1a23n290,2300.36
r1a24n100,2198.4
r1a24n110,2248.4
r1a24n120,2333.56
r1a24n130,2293.44
r1a24n140,2208.73
r1a24n150,2132.39
r1a24n160,2139.31
r1a24n170,2291.15
r1a24n180,2134.61
r1a24n190,2175.4
r1a24n200,2270.52
r1a24n210,2174.89
r1a24n220,2107.03
r1a24n230,2269.74
r1a24n240,2177.94
r1a24n250,2250.68
r1a24n260,2263.47
r1a24n270,2318.89
r1a24n280,2291.08
r1a24n290,2254.87
r1a25n100,2185.69
r1a25n110,2248.67
r1a25n120,2120.77
r1a25n130,2332.79
r1a25n140,2111.02
r1a25n150,2262.6
r1a25n160,2120.63
r1a25n170,2090.04
r1a25n180,2065.44
r1a25n190,2112.98
r1a25n200,2195.74
r1a25n210,2281.08
r1a25n220,2141.08
r1a25n230,2115.47
r1a25n240,2113.26
r1a25n250,2264.35
r1a25n260,2338.31
r1a25n270,2332.02
r1a25n280,2073.15
r1a25n290,2066.92
r1a26n100,2261.27
r1a26n110,2096.46
r1a26n120,2176.44
r1a26n130,2311.68
r1a26n140,2278.25
r1a26n150,2185.14
r1a26n160,2219.4
r1a26n170,2255.4
r1a26n180,2252.54
r1a26n190,2183.92
r1a26n200,2293.82
r1a26n210,2305.81
r1a26n220,2302.62
r1a26n230,2179.31
r1a26n240,2290.46
r1a26n250,2225.84
r1a26n260,2269.73
r1a26n270,2062.08
r1a26n280,2245.24
r1a26n290,2206.18
r1a27n100,2135.26
r1a27n110,2327.81
r1a27n120,2091.64
r1a27n130,2235.63
r1a27n140,2082.74
r1a27n150,2209.07
r1a27n160,2259.48
r1a27n170,2100.52
r1a27n180,2151.96
r1a27n190,2139.11
r1a27n200,2258.92
r1a27n210,2074.69
r1a27n220,2240.02
r1a27n230,2206.98
r1a27n240,2273.39
r1a27n250,2298.26
r1a27n260,2195.55
r1a27n270,2224.14
r1a27n280,2241.17
r1a27n290,2106.01
r1a28n100,2292.97
r1a28n110,2113.15
r1a28n120,2286.83
r1a28n130,2081.32
r1a28n140,2276.3
r1a28n150,2323.12
r1a28n160,2089.64
r1a28n170,2294.16
r1a28n180,2063.48
r1a28n190,2191.76
r1a28n200,2188.43
r1a28n210,2264.45
r1a28n220,2307.96
r1a28n230,2143.23
r1a28n240,2173.32
r1a28n250,2343.3
r1a28n260,2233.91
r1a28n270,2075.64
r1a28n280,2147.07
r1a28n290,2294.52
r1a29n100,2081.7
r1a29n110,2242.75
r1a29n120,2119.56
r1a29n130,2291.55
r1a29n140,2355.27
r1a29n150,2255.1
r1a29n160,2193.88
r1a29n170,2343.08
r1a29n180,2081.26
r1a29n190,2166.04
r1a29n200,2100.84
r1a29n210,2062.09
r1a29n220,2165.67
r1a29n230,2291.77
r1a29n240,2074.46
r1a29n250,2160.12
r1a29n260,2134.96
r1a29n270,2215.56
r1a29n280,2275.99
r1a29n290,2166.61
r1a30n100,2179.28
r1a30n110,2282.18
r1a30n120,2240.08
r1a30n130,2074.82
r1a30n140,2247.06
r1a30n150,2265.25
r1a30n160,2300.75
r1a30n170,2212.07
r1a30n180,2342.99
r1a30n190,2206.4
r1a30n200,2072.82
r1a30n210,2350.47
r1a30n220,2175.63
r1a30n230,2357.61
r1a30n240,2185.36
r1a30n250,2069.86
r1a30n260,2145.6
r1a30n270,2213.57
r1a30n280,2173.29
r1a30n290,2226.16
r2a0n100,9043.07
r2a0n110,8374.14
r2a0n120,8602.97
r2a0n130,9218.26
r2a0n140,8582.53
r2a0n150,9344.49
r2a0n160,8525.76
r2a0n170,8858.16
r2a0n180,8517.08
r2a0n190,8618.33
r2a0n200,8401.32
r2a0n210,8371.73
r2a0n220,8690.5
r2a0n230,9355.46
r2a0n240,9311.4
r2a0n250,9096.0
r2a0n260,8815.64
r2a0n270,8812.95
r2a0n280,8736.52
r2a0n290,8515.96
r2a1n100,9139.35
r2a1n110,8360.0
r2a1n120,9159.04
r2a1n130,8800.92
r2a1n140,8964.97
r2a1n150,8893.28
r2a1n160,8899.56
r2a1n170,9094.58
r2a1n180,9127.9
r2a1n190,9462.61
r2a1n200,8863.11
r2a1n210,9283.76
r2a1n220,9262.66
r2a1n230,9455.45
r2a1n240,8683.8
r2a1n250,8931.59
r2a1n260,9268.54
r2a1n270,8524.24
r2a1n280,8365.44
r2a1n290,8405.45
r2a2n100,9385.46
r2a2n110,9359.48
r2a2n120,8751.58
r2a2n130,8506.51
r2a2n140,9322.84
r2a2n150,9393.37
r2a2n160,8827.49
r2a2n170,8814.07
r2a2n180,9233.69
r2a2n190,8990.52
r2a2n200,9363.55
r2a2n210,8539.26
r2a2n220,8878.32
r2a2n230,8641.67
r2a2n240,8897.41
r2a2n250,9170.95
r2a2n260,9113.17
r2a2n270,8378.77
r2a2n280,8556.21
r2a2n290,9197.41
r2a3n100,8846.43
r2a3n110,8446.44
r2a3n120,9100.96
r2a3n130,8440.9
r2a3n140,9018.26
r2a3n150,8995.94
r2a3n160,9455.02
r2a3n170,9014.95
r2a3n180,8893.0
r2a3n190,8485.13
r2a3n200,8410.39
r2a3n210,9260.9
r2a3n220,9164.7
r2a3n230,8953.57
r2a3n240,9104.34
r2a3n250,9225.35
r2a3n260,9394.04
r2a3n270,9127.53
r2a3n280,9230.45
r2a3n290,8684.13
r2a4n100,9108.04
r2a4n110,8844.62
r2a4n120,9046.5
r2a4n130,8417.97
r2a4n140,8513.81
r2a4n150,9404.93
r2a4n160,8913.33
r2a4n170,8891.16
r2a4n180,8429.45
r2a4n190,9180.72
r2a4n200,8691.72
r2a4n210,8346.0
r2a4n220,9276.84
r2a4n230,8930.55
r2a4n240,8781.6
r2a4n250,9252.41
r2a4n260,8677.35
r2a4n270,8413.92
r2a4n280,8761.5
r2a4n290,9383.97
r2a5n100,8600.58
r2a5n110,9376.84
r2a5n120,9272.76
r2a5n130,8476.77
r2a5n140,8549.16
r2a5n150,9066.87
r2a5n160,8940.26
r2a5n170,8496.52
r2a5n180,9377.83
r2a5n190,9293.86
r2a5n200,8535.27
r2a5n210,8499.8
r2a5n220,8347.57
r2a5n230,9092.77
r2a5n240,8387.26
r2a5n250,8406.71
r2a5n260,8785.81
r2a5n270,8446.45
r2a5n280,9009.16
r2a5n290,9302.29
r2a6n100,9410.15
r2a6n110,8364.66
r2a6n120,9331.44
r2a6n130,9122.85
r2a6n140,8812.7
r2a6n150,9171.9
r2a6n160,9411.34
r2a6n170,9078.85
r2a6n180,8408.78
r2a6n190,8363.85
r2a6n200,8422.92
r2a6n210,8379.2
r2a6n220,8920.9
r2a6n230,9276.56
r2a6n240,9187.17
r2a6n250,9143.06
r2a6n260,8944.74
r2a6n270,9323.91
r2a6n280,9010.3
r2a6n290,8552.69
r2a7n100,9430.94
r2a7n110,8359.32
r2a7n120,8529.05
r2a7n130,9214.47
r2a7n140,9179.64
r2a7n150,9246.94
r2a7n160,9396.99
r2a7n170,9127.03
r2a7n180,8926.31
r2a7n190,9039.77
r2a7n200,8904.67
r2a7n210,9432.25
r2a7n220,9316.39
r2a7n230,8540.0
r2a7n240,8967.42
r2a7n250,9089.87
r2a7n260,8526.4
r2a7n270,9455.2
r2a7n280,8343.1
r2a7n290,9053.97
r2a8n100,9251.18
r2a8n110,8578.81
r2a8n120,8567.84
r2a8n130,9024.88
r2a8n140,8612.27
r2a8n150,9382.1
r2a8n160,8739.23
r2a8n170,8951.99
r2a8n180,9461.1
r2a8n190,8756.64
r2a8n200,8468.11
r2a8n210,8695.29
r2a8n220,8674.88
r2a8n230,9215.45
r2a8n240,9413.85
r2a8n250,8382.43
r2a8n260,8572.4
r2a8n270,9140.3
r2a8n280,8420.41
r2a8n290,8418.17
r2a9n100,8571.09
r2a9n110,9177.94
r2a9n120,8786.56
r2a9n130,8905.25
r2a9n140,8743.58
r2a9n150,8985.31
r2a9n160,9380.44
r2a9n170,9273.34
r2a9n180,9282.55
r2a9n190,8542.87
r2a9n200,8607.22
r2a9n210,8417.28
r2a9n220,9294.81
r2a9n230,8834.74
r2a9n240,8381.6
r2a9n250,8633.13
r2a9n260,9208.94
r2a9n270,8651.45
r2a9n280,9412.97
r2a9n290,9345.25
r2a10n100,9072.55
r2a10n110,9055.23
r2a10n120,9290.84
r2a10n130,8519.69
r2a10n140,9200.17
r2a10n150,8414.88
r2a10n160,8792.32
r2a10n170,9012.16
r2a10n180,8523.52
r2a10n190,8339.51
r2a10n200,8386.31
r2a10n210,8802.77
r2a10n220,8590.34
r2a10n230,9434.43
r2a10n240,8941.64
r2a10n250,8710.94
r2a10n260,9432.26
r2a10n270,9452.97
r2a10n280,8679.5
r2a10n290,9135.46
r2a11n100,9192.94
r2a11n110,8836.92
r2a11n120,8598.19
r2a11n130,8713.16
r2a11n140,9358.54
r2a11n150,8665.73
r2a11n160,8463.32
r2a11n170,9344.02
r2a11n180,9347.78
r2a11n190,9045.75
r2a11n200,9302.65
r2a11n210,9293.76
r2a11n220,8368.95
r2a11n230,9000.95
r2a11n240,8823.53
r2a11n250,9160.49
r2a11n260,8491.24
r2a11n270,8425.01
r2a11n280,9317.85
r2a11n290,8427.47
r2a12n100,9206.71
r2a12n110,9282.98
r2a12n120,9116.4
r2a12n130,8615.4
r2a12n140,8447.72
r2a12n150,8345.27
r2a12n160,8623.65
r2a12n170,9166.52
r2a12n180,9204.45
r2a12n190,8766.74
r2a12n200,8571.55
r2a12n210,9218.3
r2a12n220,9082.65
r2a12n230,8769.19
r2a12n240,9198.32
r2a12n250,8956.84
r2a12n260,8407.23
r2a12n270,9129.36
r2a12n280,9027.78
r2a12n290,9264.1
r2a13n100,8346.03
r2a13n110,8808.15
r2a13n120,9065.68
r2a13n130,9467.51
r2a13n140,9003.73
r2a13n150,9425.92
r2a13n160,8807.25
r2a13n170,8999.46
r2a13n180,9025.19
r2a13n190,9025.41
r2a13n200,9370.64
r2a13n210,9442.08
r2a13n220,9448.84
r2a13n230,9445.41
r2a13n240,9026.34
r2a13n250,9387.73
r2a13n260,9295.6
r2a13n270,8570.44
r2a13n280,9167.6
r2a13n290,8467.8
r2a14n100,8390.62
r2a14n110,8664.57
r2a14n120,8360.45
r2a14n130,8981.62
r2a14n140,8382.69
r2a14n150,8592.42
r2a14n160,9350.34
r2a14n170,8617.71
r2a14n180,9422.14
r2a14n190,9131.94
r2a14n200,8991.69
r2a14n210,9355.49
r2a14n220,9044.68
r2a14n230,8850.8
r2a14n240,8744.31
r2a14n250,8777.65
r2a14n260,8466.36
r2a14n270,8851.32
r2a14n280,9131.05
r2a14n290,8425.18
r2a15n100,8440.23
r2a15n110,9151.56
r2a15n120,8842.04
r2a15n130,8582.41
r2a15n140,8484.59
r2a15n150,8692.37
r2a15n160,9172.47
r2a15n170,8896.52
r2a15n180,9240.68
r2a15n190,8539.2
r2a15n200,8532.33
r2a15n210,8810.62
r2a15n220,9358.56
r2a15n230,8451.08
r2a15n240,9401.41
r2a15n250,9044.51
r2a15n260,9326.24
r2a15n270,9458.03
r2a15n280,8496.01
r2a15n290,8716.31
r2a16n100,9410.62
r2a16n110,8376.3
r2a16n120,8478.01
r2a16n130,8669.15
r2a16n140,9336.55
r2a16n150,9403.7
r2a16n160,9265.93
r2a16n170,8426.36
r2a16n180,8979.47
r2a16n190,9069.87
r2a16n200,8992.54
r2a16n210,9089.64
r2a16n220,8634.29
r2a16n230,8706.08
r2a16n240,8438.88
r2a16n250,8972.05
r2a16n260,8602.68
r2a16n270,9277.64
r2a16n280,8455.29
r2a16n290,9327.08
r2a17n100,8503.76
r2a17n110,8926.49
r2a17n120,8614.44
r2a17n130,8372.31
r2a17n140,8388.83
r2a17n150,9193.61
r2a17n160,8420.22
r2a17n170,8490.38
r2a17n180,9404.95
r2a17n190,8756.6
r2a17n200,9443.14
r2a17n210,8802.41
r2a17n220,8601.75
r2a17n230,8643.76
r2a17n240,9428.45
r2a17n250,9172.64
r2a17n260,8746.67
r2a17n270,8541.7
r2a17n280,8881.97
r2a17n290,8411.07
r2a18n100,8542.46
r2a18n110,9453.02
r2a18n120,8905.52
r2a18n130,9446.18
r2a18n140,9314.31
r2a18n150,9218.29
r2a18n160,8933.91
r2a18n170,8551.67
r2a18n180,8384.44
r2a18n190,9327.33
r2a18n200,9053.52
r2a18n210,8860.71
r2a18n220,8359.72
r2a18n230,8465.91
r2a18n240,8795.19
r2a18n250,9126.34
r2a18n260,8801.56
r2a18n270,9246.04
r2a18n280,8708.12
r2a18n290,9036.5
r2a19n100,8564.11
r2a19n110,9465.97
r2a19n120,9283.59
r2a19n130,8749.44
r2a19n140,8625.06
r2a19n150,8967.87
r2a19n160,8353.86
r2a19n170,9179.08
r2a19n180,8927.1
r2a19n190,9065.86
r2a19n200,8998.24
r2a19n210,8580.71
r2a19n220,8791.84
r2a19n230,9391.73
r2a19n240,9089.44
r2a19n250,8590.32
r2a19n260,9345.23
r2a19n270,8848.12
r2a19n280,8902.32
r2a19n290,8364.81
r2a20n100,9407.44
r2a20n110,9465.97
r2a20n120,8549.64
r2a20n130,9119.17
r2a20n140,8482.04
r2a20n150,9236.97
r2a20n160,9232.36
r2a20n170,9408.05
r2a20n180,9343.96
r2a20n190,9159.72
r2a20n200,8344.58
r2a20n210,8668.51
r2a20n220,9344.67
r2a20n230,9111.53
r2a20n240,9005.54
r2a20n250,8732.75
r2a20n260,9269.65
r2a20n270,8615.27
r2a20n280,8793.19
r2a20n290,8363.78
r2a21n100,8775.02
r2a21n110,9069.93
r2a21n120,8704.48
r2a21n130,8945.39
r2a21n140,9023.63
r2a21n150,9196.0
r2a21n160,9035.76
r2a21n170,9283.86
r2a21n180,9130.56
r2a21n190,8834.35
r2a21n200,8686.12
r2a21n210,9239.08
r2a21n220,8607.87
r2a21n230,8703.89
r2a21n240,9446.34
r2a21n250,8901.74
r2a21n260,9151.38
r2a21n270,8809.39
r2a21n280,8408.19
r2a21n290,9056.22
r2a22n100,9441.92
r2a22n110,9053.78
r2a22n120,8647.53
r2a22n130,8533.88
r2a22n140,8495.44
r2a22n150,8934.61
r2a22n160,9317.62
r2a22n170,8815.42
r2a22n180,8753.84
r2a22n190,8387.98
r2a22n200,8991.66
r2a22n210,8874.7
r2a22n220,8421.43
r2a22n230,8925.46
r2a22n240,8915.35
r2a22n250,9283.38
r2a22n260,8758.91
r2a22n270,8468.02
r2a22n280,9005.81
r2a22n290,8521.6
r2a23n100,9055.3
r2a23n110,9379.14
r2a23n120,8547.86
r2a23n130,8912.26
r2a23n140,8736.19
r2a23n150,8947.0
r2a23n160,8591.05
r2a23n170,9426.03
r2a23n180,9024.98
r2a23n190,8343.24
r2a23n200,8629.67
r2a23n210,8712.97
r2a23n220,8692.33
r2a23n230,9355.03
r2a23n240,8787.54
r2a23n250,8963.84
r2a23n260,9212.79
r2a23n270,8485.44
r2a23n280,8592.12
r2a23n290,8805.11
r2a24n100,9083.57
r2a24n110,8852.14
r2a24n120,8641.05
r2a24n130,9157.06
r2a24n140,9355.36
r2a24n150,9306.44
r2a24n160,9405.59
r2a24n170,9426.87
r2a24n180,9065.1
r2a24n190,9202.37
r2a24n200,8894.99
r2a24n210,8511.29
r2a24n220,9317.23
r2a24n230,8794.16
r2a24n240,9313.67
r2a24n250,9271.49
r2a24n260,9149.75
r2a24n270,8405.63
r2a24n280,8470.92
r2a24n290,8930.8
r2a25n100,8851.68
r2a25n110,8547.6
r2a25n120,9179.73
r2a25n130,9054.72
r2a25n140,8799.11
r2a25n150,8830.13
r2a25n160,9366.53
r2a25n170,9110.66
r2a25n180,8531.76
r2a25n190,9304.13
r2a25n200,8434.31
r2a25n210,8501.13
r2a25n220,8654.34
r2a25n230,9338.47
r2a25n240,9334.04
r2a25n250,9289.53
r2a25n260,8822.55
r2a25n270,8563.49
r2a25n280,9283.46
r2a25n290,9111.82
r2a26n100,8779.12
r2a26n110,8825.46
r2a26n120,8962.94
r2a26n130,9146.67
r2a26n140,9414.54
r2a26n150,8861.83
r2a26n160,9092.48
r2a26n170,9259.43
r2a26n180,9431.51
r2a26n190,8591.82
r2a26n200,8428.61
r2a26n210,8554.57
r2a26n220,8406.02
r2a26n230,8892.91
r2a26n240,8926.01
r2a26n250,9150.63
r2a26n260,8451.27
r2a26n270,8850.3
r2a26n280,8778.49
r2a26n290,8488.51
r2a27n100,9316.61
r2a27n110,9390.13
r2a27n120,8401.12
r2a27n130,8973.1
r2a27n140,8635.6
r2a27n150,8353.91
r2a27n160,8436.84
r2a27n170,8445.52
r2a27n180,8933.05
r2a27n190,9162.94
r2a27n200,8581.86
r2a27n210,8857.69
r2a27n220,9271.33
r2a27n230,8655.8
r2a27n240,8499.1
r2a27n250,9050.09
r2a27n260,9204.9
r2a27n270,9293.68
r2a27n280,9158.02
r2a27n290,9283.84
r2a28n100,8472.74
r2a28n110,9133.42
r2a28n120,8452.61
r2a28n130,8337.5
r2a28n140,8691.53
r2a28n150,8454.27
r2a28n160,9180.4
r2a28n170,9374.66
r2a28n180,8621.81
r2a28n190,8394.7
r2a28n200,8728.71
r2a28n210,8614.0
r2a28n220,9012.97
r2a28n230,8750.03
r2a28n240,9024.5
r2a28n250,9463.62
r2a28n260,8343.23
r2a28n270,8653.77
r2a28n280,8761.61
r2a28n290,8857.51
r2a29n100,9181.7
r2a29n110,8474.5
r2a29n120,9120.94
r2a29n130,8996.06
r2a29n140,8360.97
r2a29n150,9445.49
r2a29n160,8790.05
r2a29n170,9438.11
r2a29n180,8953.32
r2a29n190,8686.75
r2a29n200,8923.5
r2a29n210,8342.66
r2a29n220,8945.06
r2a29n230,8862.39
r2a29n240,8367.87
r2a29n250,8694.47
r2a29n260,9329.64
r2a29n270,9397.98
r2a29n280,8981.15
r2a29n290,9243.93
r2a30n100,9224.62
r2a30n110,8828.49
r2a30n120,8354.86
r2a30n130,8634.23
r2a30n140,9433.1
r2a30n150,8828.3
r2a30n160,9140.58
r2a30n170,9130.35
r2a30n180,8556.43
r2a30n190,9313.89
r2a30n200,8777.25
r2a30n210,9181.92
r2a30n220,9009.94
r2a30n230,8376.31
r2a30n240,8920.53
r2a30n250,9241.97
r2a30n260,9261.61
r2a30n270,8531.52
r2a30n280,8581.16
r2a30n290,9106.46
r3a0n100,37223.31
r3a0n110,36601.17
r3a0n120,38431.9
r3a0n130,37004.29
r3a0n140,37671.54
r3a0n150,35489.13
r3a0n160,36281.16
r3a0n170,39467.92
r3a0n180,36694.62
r3a0n190,36643.44
r3a0n200,37709.98
r3a0n210,37230.29
r3a0n220,35776.65
r3a0n230,36118.1
r3a0n240,35778.87
r3a0n250,39984.92
r3a0n260,37676.69
r3a0n270,38532.78
r3a0n280,35838.28
r3a0n290,39968.39
r3a1n100,35503.57
r3a1n110,35428.09
r3a1n120,36337.21
r3a1n130,39845.33
r3a1n140,38673.83
r3a1n150,39251.74
r3a1n160,37735.23
r3a1n170,38139.26
r3a1n180,38925.48
r3a1n190,37489.07
r3a1n200,36582.46
r3a1n210,36447.69
r3a1n220,38648.64
r3a1n230,36618.46
r3a1n240,38280.44
r3a1n250,36334.27
r3a1n260,36776.31
r3a1n270,36624.53
r3a1n280,35390.57
r3a1n290,35677.92
r3a2n100,37883.36
r3a2n110,38748.75
r3a2n120,37410.63
r3a2n130,36320.1
r3a2n140,37131.84
r3a2n150,35516.31
r3a2n160,35689.86
r3a2n170,35636.12
r3a2n180,37525.86
r3a2n190,35241.9
r3a2n200,36331.54
r3a2n210,37761.81
r3a2n220,39364.73
r3a2n230,37316.32
r3a2n240,37930.61
r3a2n250,35287.32
r3a2n260,37505.82
r3a2n270,39569.38
r3a2n280,39101.14
r3a2n290,38622.27
r3a3n100,37370.16
r3a3n110,39365.39
r3a3n120,38095.85
r3a3n130,36877.84
r3a3n140,37777.53
r3a3n150,38730.58
r3a3n160,38995.49
r3a3n170,37543.08
r3a3n180,36310.98
r3a3n190,39473.28
r3a3n200,38677.06
r3a3n210,35251.48
r3a3n220,38413.87
r3a3n230,38412.35
r3a3n240,37332.93
r3a3n250,38615.62
r3a3n260,37897.87
r3a3n270,37619.82
r3a3n280,35527.65
r3a3n290,35653.25
r3a4n100,36332.53
r3a4n110,37184.82
r3a4n120,38575.66
r3a4n130,39132.57
r3a4n140,39488.08
r3a4n150,37869.35
r3a4n160,36590.13
r3a4n170,37983.85
r3a4n180,39308.14
r3a4n190,37299.77
r3a4n200,39044.22
r3a4n210,37389.45
r3a4n220,37591.92
r3a4n230,35712.94
r3a4n240,36423.26
r3a4n250,35381.34
r3a4n260,36628.09
r3a4n270,35281.78
r3a4n280,37517.0
r3a4n290,36694.96
r3a5n100,37083.49
r3a5n110,36060.41
r3a5n120,36631.28
r3a5n130,38385.13
r3a5n140,39290.77
r3a5n150,37120.34
r3a5n160,39397.01
r3a5n170,39364.31
r3a5n180,36525.1
r3a5n190,39988.6
r3a5n200,38631.72
r3a5n210,39888.82
r3a5n220,35583.64
r3a5n230,38626.98
r3a5n240,38475.61
r3a5n250,36710.72
r3a5n260,35637.66
r3a5n270,36887.93
r3a5n280,37146.09
r3a5n290,35652.33
r3a6n100,38750.26
r3a6n110,37232.55
r3a6n120,36268.15
r3a6n130,35892.93
r3a6n140,38526.6
r3a6n150,39514.35
r3a6n160,39814.72
r3a6n170,36394.63
r3a6n180,39853.41
r3a6n190,36710.79
r3a6n200,37086.38
r3a6n210,39300.65
r3a6n220,37898.9
r3a6n230,39222.65
r3a6n240,36830.3
r3a6n250,36969.57
r3a6n260,38081.32
r3a6n270,37006.94
r3a6n280,38155.81
r3a6n290,36994.37
r3a7n100,38236.89
r3a7n110,38409.22
r3a7n120,38553.16
r3a7n130,38831.73
r3a7n140,38736.39
r3a7n150,37631.11
r3a7n160,35630.67
r3a7n170,37954.74
r3a7n180,37557.92
r3a7n190,38993.49
r3a7n200,37678.88
r3a7n210,39608.31
r3a7n220,38110.02
r3a7n230,35432.15
r3a7n240,35523.09
r3a7n250,37798.77
r3a7n260,36767.76
r3a7n270,37612.36
r3a7n280,39540.83
r3a7n290,39538.48
r3a8n100,35272.11
r3a8n110,38016.33
r3a8n120,37114.02
r3a8n130,36678.71
r3a8n140,38228.55
r3a8n150,39848.2
r3a8n160,35364.27
r3a8n170,39386.54
r3a8n180,39874.47
r3a8n190,37500.28
r3a8n200,36555.64
r3a8n210,35815.3
r3a8n220,37564.26
r3a8n230,38107.07
r3a8n240,35909.11
r3a8n250,38656.51
r3a8n260,37806.97
r3a8n270,37640.34
r3a8n280,38010.64
r3a8n290,36449.8
r3a9n100,38986.3
r3a9n110,37025.68
r3a9n120,36549.91
r3a9n130,39501.18
r3a9n140,37712.76
r3a9n150,36792.27
r3a9n160,37700.5
r3a9n170,37633.31
r3a9n180,39994.24
r3a9n190,38862.87
r3a9n200,35735.56
r3a9n210,37453.64
r3a9n220,39277.78
r3a9n230,38859.83
r3a9n240,38248.73
r3a9n250,39960.03
r3a9n260,35588.3
r3a9n270,39273.74
r3a9n280,37366.44
r3a9n290,35301.75
r3a10n100,36361.87
r3a10n110,39121.14
r3a10n120,35870.65
r3a10n130,38883.26
r3a10n140,39281.34
r3a10n150,38534.4
r3a10n160,37490.15
r3a10n170,38440.05
r3a10n180,39103.0
r3a10n190,36664.9
r3a10n200,39031.28
r3a10n210,37195.52
r3a10n220,37905.02
r3a10n230,39612.4
r3a10n240,39580.81
r3a10n250,36313.05
r3a10n260,36807.77
r3a10n270,39314.5
r3a10n280,36391.81
r3a10n290,39622.91
r3a11n100,36685.0
r3a11n110,37053.8
r3a11n120,36253.27
r3a11n130,35349.68
r3a11n140,36737.5
r3a11n150,38185.75
r3a11n160,36004.09
r3a11n170,39937.12
r3a11n180,38811.06
r3a11n190,36834.87
r3a11n200,39416.0
r3a11n210,38457.38
r3a11n220,35318.71
r3a11n230,37539.79
r3a11n240,37016.99
r3a11n250,39880.39
r3a11n260,36018.35
r3a11n270,39526.66
r3a11n280,38333.05
r3a11n290,37525.15
r3a12n100,37057.63
r3a12n110,39907.32
r3a12n120,38215.08
r3a12n130,39158.79
r3a12n140,35727.43
r3a12n150,35927.62
r3a12n160,35546.73
r3a12n170,38739.73
r3a12n180,38285.43
r3a12n190,39286.31
r3a12n200,37885.88
r3a12n210,37713.66
r3a12n220,38631.42
r3a12n230,39490.35
r3a12n240,39165.21
r3a12n250,37759.89
r3a12n260,36849.28
r3a12n270,38519.9
r3a12n280,38607.96
r3a12n290,38359.07
r3a13n100,39292.8
r3a13n110,39468.67
r3a13n120,39124.68
r3a13n130,35546.27
r3a13n140,38809.13
r3a13n150,37056.18
r3a13n160,36239.94
r3a13n170,35952.49
r3a13n180,38928.29
r3a13n190,39908.46
r3a13n200,37011.45
r3a13n210,39669.05
r3a13n220,38318.95
r3a13n230,39940.54
r3a13n240,37196.48
r3a13n250,37412.21
r3a13n260,39476.48
r3a13n270,38471.15
r3a13n280,39732.65
r3a13n290,37820.4
r3a14n100,36138.93
r3a14n110,37875.76
r3a14n120,35962.14
r3a14n130,37161.83
r3a14n140,39227.03
r3a14n150,37580.68
r3a14n160,37502.12
r3a14n170,39641.54
r3a14n180,37608.23
r3a14n190,38292.03
r3a14n200,35696.19
r3a14n210,37710.97
r3a14n220,35553.03
r3a14n230,36409.64
r3a14n240,36516.21
r3a14n250,37465.35
r3a14n260,38615.0
r3a14n270,38433.22
r3a14n280,37056.63
r3a14n290,36334.44
r3a15n100,36953.61
r3a15n110,37250.26
r3a15n120,37802.91
r3a15n130,39270.95
r3a15n140,38098.19
r3a15n150,35757.23
r3a15n160,37111.33
r3a15n170,39250.46
r3a15n180,36528.8
r3a15n190,38907.93
r3a15n200,36098.49
r3a15n210,35414.97
r3a15n220,36968.35
r3a15n230,39613.76
r3a15n240,35625.98
r3a15n250,37576.01
r3a15n260,36718.86
r3a15n270,38933.28
r3a15n280,36605.47
r3a15n290,38895.33
r3a16n100,35574.39
r3a16n110,37001.14
r3a16n120,38355.57
r3a16n130,39432.26
r3a16n140,36007.21
r3a16n150,38675.68
r3a16n160,38076.08
r3a16n170,37960.61
r3a16n180,38453.09
r3a16n190,36763.22
r3a16n200,39704.63
r3a16n210,39229.01
r3a16n220,38145.14
r3a16n230,39801.86
r3a16n240,38390.52
r3a16n250,35597.19
r3a16n260,37198.03
r3a16n270,35864.74
r3a16n280,36407.76
r3a16n290,38611.6
r3a17n100,36494.57
r3a17n110,36151.69
r3a17n120,35941.77
r3a17n130,35284.6
r3a17n140,38076.28
r3a17n150,35620.55
r3a17n160,36965.45
r3a17n170,35714.82
r3a17n180,35581.42
r3a17n190,39813.46
r3a17n200,40026.76
r3a17n210,39709.86
r3a17n220,38882.03
r3a17n230,39477.61
r3a17n240,39154.73
r3a17n250,36166.9
r3a17n260,39160.09
r3a17n270,36528.24
r3a17n280,36658.2
r3a17n290,35658.6
r3a18n100,38391.85
r3a18n110,37775.38
r3a18n120,39943.62
r3a18n130,35766.52
r3a18n140,36743.23
r3a18n150,39636.27
r3a18n160,35800.73
r3a18n170,38099.01
r3a18n180,36443.58
r3a18n190,38591.76
r3a18n200,39531.2
r3a18n210,36340.25
r3a18n220,38729.99
r3a18n230,36248.44
r3a18n240,35628.14
r3a18n250,37124.64
r3a18n260,36738.5
r3a18n270,36590.4
r3a18n280,39016.88
r3a18n290,35319.47
r3a19n100,38775.72
r3a19n110,38431.22
r3a19n120,37182.82
r3a19n130,38683.02
r3a19n140,39318.48
r3a19n150,39526.05
r3a19n160,39857.19
r3a19n170,36696.61
r3a19n180,35694.83
r3a19n190,39284.15
r3a19n200,39847.75
r3a19n210,39266.79
r3a19n220,39064.28
r3a19n230,37274.0
r3a19n240,35695.77
r3a19n250,37282.47
r3a19n260,38669.18
r3a19n270,35386.36
r3a19n280,39180.23
r3a19n290,37172.11
r3a20n100,35253.08
r3a20n110,37229.67
r3a20n120,36172.99
r3a20n130,39303.46
r3a20n140,35922.44
r3a20n150,39618.54
r3a20n160,38863.74
r3a20n170,36083.2
r3a20n180,38781.54
r3a20n190,37695.15
r3a20n200,35335.34
r3a20n210,35287.17
r3a20n220,38261.52
r3a20n230,38883.18
r3a20n240,39573.05
r3a20n250,35696.37
r3a20n260,36971.5
r3a20n270,39267.02
r3a20n280,37008.84
r3a20n290,37910.64
r3a21n100,40041.73
r3a21n110,38857.45
r3a21n120,39583.85
r3a21n130,38625.74
r3a21n140,38564.65
r3a21n150,39347.96
r3a21n160,39812.99
r3a21n170,40034.76
r3a21n180,38038.34
r3a21n190,38078.09
r3a21n200,37566.93
r3a21n210,36080.62
r3a21n220,38346.79
r3a21n230,36644.89
r3a21n240,36800.21
r3a21n250,36714.49
r3a21n260,38686.32
r3a21n270,37041.36
r3a21n280,36568.17
r3a21n290,38901.41
r3a22n100,35444.85
r3a22n110,39165.52
r3a22n120,36201.87
r3a22n130,36352.35
r3a22n140,38468.28
r3a22n150,35562.13
r3a22n160,35933.21
r3a22n170,35460.74
r3a22n180,36470.37
r3a22n190,39144.76
r3a22n200,36268.54
r3a22n210,37848.87
r3a22n220,36631.56
r3a22n230,38266.21
r3a22n240,36366.03
r3a22n250,39910.63
r3a22n260,37696.95
r3a22n270,37071.48
r3a22n280,38526.96
r3a22n290,35861.72
r3a23n100,36064.51
r3a23n110,38939.94
r3a23n120,38421.72
r3a23n130,35572.37
r3a23n140,38504.44
r3a23n150,35716.4
r3a23n160,36344.87
r3a23n170,38318.06
r3a23n180,36528.16
r3a23n190,35806.07
r3a23n200,40030.42
r3a23n210,38372.7
r3a23n220,36077.2
r3a23n230,40017.7
r3a23n240,35403.73
r3a23n250,37779.66
r3a23n260,38000.61
r3a23n270,38755.88
r3a23n280,37772.19
r3a23n290,39252.27
r3a24n100,38274.11
r3a24n110,35527.98
r3a24n120,38646.34
r3a24n130,37709.47
r3a24n140,37090.26
r3a24n150,36828.22
r3a24n160,38657.1
r3a24n170,38978.03
r3a24n180,38142.59
r3a24n190,37868.24
r3a24n200,38583.52
r3a24n210,38273.59
r3a24n220,38686.65
r3a24n230,38618.2
r3a24n240,38275.35
r3a24n250,35748.77
r3a24n260,39085.65
r3a24n270,38075.83
r3a24n280,38853.53
r3a24n290,36516.54
r3a25n100,37886.48
r3a25n110,37519.69
r3a25n120,39539.08
r3a25n130,37936.37
r3a25n140,35449.73
r3a25n150,37090.94
r3a25n160,38806.28
r3a25n170,35694.65
r3a25n180,37504.68
r3a25n190,36766.5
r3a25n200,38772.35
r3a25n210,38094.57
r3a25n220,35613.05
r3a25n230,36045.38
r3a25n240,38246.84
r3a25n250,39911.62
r3a25n260,37831.32
r3a25n270,39515.32
r3a25n280,37980.04
r3a25n290,38621.05
r3a26n100,36383.04
r3a26n110,38041.32
r3a26n120,35450.87
r3a26n130,39906.11
r3a26n140,36480.77
r3a26n150,39693.16
r3a26n160,37049.73
r3a26n170,38699.92
r3a26n180,39573.96
r3a26n190,38790.37
r3a26n200,35435.6
r3a26n210,35902.85
r3a26n220,38017.03
r3a26n230,35379.95
r3a26n240,36262.49
r3a26n250,35553.6
r3a26n260,35732.32
r3a26n270,40026.38
r3a26n280,38549.78
r3a26n290,37480.03
r3a27n100,38340.63
r3a27n110,38332.33
r3a27n120,36725.9
r3a27n130,39738.12
r3a27n140,38667.81
r3a27n150,38406.82
r3a27n160,35307.0
r3a27n170,36361.09
r3a27n180,36239.91
r3a27n190,37122.96
r3a27n200,39141.98
r3a27n210,39460.18
r3a27n220,36478.32
r3a27n230,38859.71
r3a27n240,37149.93
r3a27n250,36176.19
r3a27n260,39203.91
r3a27n270,39734.15
r3a27n280,39667.68
r3a27n290,36843.02
r3a28n100,35743.34
r3a28n110,37478.35
r3a28n120,37108.24
r3a28n130,36402.44
r3a28n140,35272.88
r3a28n150,40019.7
r3a28n160,36170.05
r3a28n170,39361.71
r3a28n180,39382.24
r3a28n190,37900.29
r3a28n200,39713.9
r3a28n210,38066.72
r3a28n220,35957.45
r3a28n230,39928.27
r3a28n240,38609.13
r3a28n250,36300.11
r3a28n260,37174.49
r3a28n270,39681.6
r3a28n280,35867.0
r3a28n290,37066.49
r3a29n100,37983.46
r3a29n110,35464.63
r3a29n120,39644.52
r3a29n130,39444.19
r3a29n140,37855.47
r3a29n150,38472.51
r3a29n160,38008.12
r3a29n170,39708.62
r3a29n180,39607.29
r3a29n190,39081.11
r3a29n200,38984.11
r3a29n210,36504.57
r3a29n220,36719.9
r3a29n230,38540.6
r3a29n240,38093.94
r3a29n250,39178.05
r3a29n260,36149.58
r3a29n270,37656.93
r3a29n280,37701.42
r3a29n290,39689.46
r3a30n100,36614.62
r3a30n110,36701.94
r3a30n120,37705.99
r3a30n130,35815.21
r3a30n140,38747.3
r3a30n150,35376.81
r3a30n160,36056.68
r3a30n170,36663.23
r3a30n180,38738.8
r3a30n190,36250.56
r3a30n200,35860.73
r3a30n210,39617.03
r3a30n220,37499.72
r3a30n230,38856.78
r3a30n240,36973.99
r3a30n250,37704.88
r3a30n260,35431.94
r3a30n270,39273.76
r3a30n280,36777.76
r3a30n290,39200.96
r4a0n100,154060.34
r4a0n110,148203.98
r4a0n120,160224.6
r4a0n130,151321.84
r4a0n140,151893.19
r4a0n150,153674.93
r4a0n160,152576.27
r4a0n170,158412.13
r4a0n180,160358.3
r4a0n190,166508.47
r4a0n200,155062.6
r4a0n210,161817.91
r4a0n220,167314.88
r4a0n230,165540.93
r4a0n240,159174.94
r4a0n250,158806.39
r4a0n260,153379.05
r4a0n270,159098.55
r4a0n280,154317.48
r4a0n290,166241.96
r4a1n100,149114.18
r4a1n110,158122.22
r4a1n120,160180.92
r4a1n130,152795.43
r4a1n140,152366.61
r4a1n150,166198.8
r4a1n160,147986.61
r4a1n170,149240.92
r4a1n180,163652.03
r4a1n190,160866.64
r4a1n200,160507.57
r4a1n210,158138.52
r4a1n220,152085.28
r4a1n230,159111.99
r4a1n240,152488.27
r4a1n250,157063.92
r4a1n260,148267.04
r4a1n270,150187.81
r4a1n280,159959.1
r4a1n290,156117.2
r4a2n100,148950.34
r4a2n110,149758.86
r4a2n120,149252.07
r4a2n130,159039.26
r4a2n140,148432.96
r4a2n150,166920.33
r4a2n160,164904.03
r4a2n170,163121.9
r4a2n180,151470.69
r4a2n190,148849.12
r4a2n200,148829.97
r4a2n210,162389.82
r4a2n220,149217.13
r4a2n230,165336.41
r4a2n240,148265.44
r4a2n250,158347.78
r4a2n260,166948.0
r4a2n270,162845.59
r4a2n280,166587.1
r4a2n290,157648.97
r4a3n100,161333.24
r4a3n110,162027.21
r4a3n120,152056.64
r4a3n130,154301.39
r4a3n140,153819.13
r4a3n150,165185.28
r4a3n160,155140.53
r4a3n170,150606.19
r4a3n180,163223.98
r4a3n190,164025.66
r4a3n200,148325.91
r4a3n210,152366.87
r4a3n220,150816.59
r4a3n230,152601.62
r4a3n240,165591.98
r4a3n250,148478.75
r4a3n260,165804.68
r4a3n270,160112.28
r4a3n280,154621.0
r4a3n290,161472.77
r4a4n100,162685.32
r4a4n110,164652.15
r4a4n120,148875.69
r4a4n130,161188.38
r4a4n140,149117.86
r4a4n150,152906.29
r4a4n160,149062.94
r4a4n170,166538.29
r4a4n180,155735.87
r4a4n190,168188.54
r4a4n200,160386.75
r4a4n210,150566.59
r4a4n220,156140.28
r4a4n230,150403.96
r4a4n240,148451.63
r4a4n250,154783.23
r4a4n260,152541.46
r4a4n270,161650.2
r4a4n280,160933.64
r4a4n290,150310.68
r4a5n100,148477.79
r4a5n110,158913.0
r4a5n120,167718.71
r4a5n130,155083.5
r4a5n140,155545.86
r4a5n150,158804.13
r4a5n160,150296.97
r4a5n170,156639.38
r4a5n180,158624.3
r4a5n190,155871.96
r4a5n200,150361.33
r4a5n210,161770.5
r4a5n220,157363.53
r4a5n230,165409.43
r4a5n240,168146.18
r4a5n250,164272.12
r4a5n260,168098.86
r4a5n270,162537.52
r4a5n280,150780.12
r4a5n290,152188.99
r4a6n100,167338.3
r4a6n110,147738.63
r4a6n120,165226.77
r4a6n130,167464.92
r4a6n140,159082.0
r4a6n150,165983.47
r4a6n160,158855.69
r4a6n170,150349.52
r4a6n180,165315.37
r4a6n190,151491.39
r4a6n200,148128.37
r4a6n210,154384.59
r4a6n220,155677.44
r4a6n230,166006.33
r4a6n240,151679.94
r4a6n250,167422.61
r4a6n260,167032.48
r4a6n270,153838.19
r4a6n280,157649.8
r4a6n290,164743.73
r4a7n100,164822.11
r4a7n110,149646.43
r4a7n120,164227.53
r4a7n130,162473.38
r4a7n140,166771.37
r4a7n150,160892.51
r4a7n160,151443.29
r4a7n170,157824.15
r4a7n180,162661.2
r4a7n190,153885.81
r4a7n200,161937.51
r4a7n210,148176.6
r4a7n220,148742.4
r4a7n230,164554.04
r4a7n240,155202.93
r4a7n250,152067.93
r4a7n260,164759.08
r4a7n270,163929.57
r4a7n280,156285.24
r4a7n290,167174.94
r4a8n100,157931.4
r4a8n110,166295.58
r4a8n120,167203.9
r4a8n130,166543.65
r4a8n140,159234.45
r4a8n150,150801.05
r4a8n160,150276.86
r4a8n170,152839.52
r4a8n180,151272.35
r4a8n190,154223.8
r4a8n200,161608.95
r4a8n210,163377.89
r4a8n220,161480.62
r4a8n230,163323.82
r4a8n240,158132.53
r4a8n250,159703.49
r4a8n260,155585.68
r4a8n270,149223.3
r4a8n280,150978.5
r4a8n290,156365.08
r4a9n100,162116.76
r4a9n110,157421.06
r4a9n120,158372.48
r4a9n130,153386.15
r4a9n140,166719.62
r4a9n150,162391.04
r4a9n160,158231.37
r4a9n170,165654.49
r4a9n180,166196.1
r4a9n190,168221.92
r4a9n200,167627.01
r4a9n210,155589.87
r4a9n220,163769.87
r4a9n230,150953.42
r4a9n240,163373.09
r4a9n250,161661.25
r4a9n260,168040.61
r4a9n270,159321.25
r4a9n280,166888.87
r4a9n290,161779.72
r4a10n100,155415.9
r4a10n110,163942.93
r4a10n120,148751.09
r4a10n130,160321.3
r4a10n140,147702.74
r4a10n150,157407.88
r4a10n160,151773.17
r4a10n170,166103.03
r4a10n180,166871.02
r4a10n190,153881.62
r4a10n200,160792.81
r4a10n210,160474.64
r4a10n220,166171.06
r4a10n230,167927.21
r4a10n240,155805.99
r4a10n250,163144.83
r4a10n260,155757.74
r4a10n270,147927.56
r4a10n280,154289.47
r4a10n290,153296.25
r4a11n100,159637.5
r4a11n110,166473.64
r4a11n120,158076.26
r4a11n130,166952.04
r4a11n140,164205.2
r4a11n150,166909.33
r4a11n160,158074.71
r4a11n170,160197.57
r4a11n180,150462.66
r4a11n190,147488.3
r4a11n200,151026.13
r4a11n210,148165.18
r4a11n220,155443.02
r4a11n230,158814.76
r4a11n240,152807.58
r4a11n250,163262.92
r4a11n260,163554.93
r4a11n270,150733.13
r4a11n280,155028.77
r4a11n290,150017.57
r4a12n100,155949.21
r4a12n110,168040.01
r4a12n120,147738.06
r4a12n130,160171.94
r4a12n140,164185.13
r4a12n150,163615.33
r4a12n160,156658.35
r4a12n170,153116.19
r4a12n180,157238.83
r4a12n190,164223.04
r4a12n200,147653.19
r4a12n210,147511.41
r4a12n220,161690.75
r4a12n230,151841.47
r4a12n240,150622.38
r4a12n250,162718.63
r4a12n260,166710.49
r4a12n270,163961.2
r4a12n280,157571.1
r4a12n290,161123.81
r4a13n100,150324.05
r4a13n110,164439.57
r4a13n120,147888.1
r4a13n130,164277.81
r4a13n140,161637.42
r4a13n150,148884.27
r4a13n160,155317.05
r4a13n170,149555.34
r4a13n180,166022.18
r4a13n190,158361.61
r4a13n200,155036.62
r4a13n210,153418.35
r4a13n220,162807.4
r4a13n230,167980.8
r4a13n240,151078.58
r4a13n250,156972.35
r4a13n260,168254.05
r4a13n270,166715.54
r4a13n280,154759.01
r4a13n290,155893.02
r4a14n100,161234.23
r4a14n110,157806.8
r4a14n120,167646.41
r4a14n130,153879.47
r4a14n140,157755.0
r4a14n150,162094.03
r4a14n160,150816.52
r4a14n170,156519.1
r4a14n180,150453.26
r4a14n190,155540.99
r4a14n200,161539.38
r4a14n210,167864.19
r4a14n220,156657.63
r4a14n230,162230.78
r4a14n240,154447.43
r4a14n250,155088.48
r4a14n260,155015.6
r4a14n270,161666.82
r4a14n280,155610.31
r4a14n290,149237.11
r4a15n100,156052.73
r4a15n110,167959.4
r4a15n120,162313.25
r4a15n130,166463.78
r4a15n140,155423.18
r4a15n150,149302.95
r4a15n160,149297.99
r4a15n170,150223.23
r4a15n180,164137.89
r4a15n190,153319.12
r4a15n200,153272.84
r4a15n210,161635.96
r4a15n220,151739.07
r4a15n230,159285.63
r4a15n240,161132.54
r4a15n250,159422.19
r4a15n260,157062.21
r4a15n270,156274.11
r4a15n280,150051.67
r4a15n290,154452.75
r4a16n100,166321.87
r4a16n110,164002.39
r4a16n120,164709.4
r4a16n130,168194.39
r4a16n140,160422.64
r4a16n150,165595.67
r4a16n160,148941.12
r4a16n170,151294.98
r4a16n180,150615.02
r4a16n190,160657.63
r4a16n200,165232.25
r4a16n210,155065.51
r4a16n220,160137.89
r4a16n230,161842.16
r4a16n240,150170.14
r4a16n250,156609.73
r4a16n260,162421.11
r4a16n270,156071.47
r4a16n280,160135.75
r4a16n290,166979.73
r4a17n100,162991.33
r4a17n110,151853.51
r4a17n120,160811.08
r4a17n130,152967.95
r4a17n140,150253.15
r4a17n150,157654.29
r4a17n160,160021.91
r4a17n170,150516.3
r4a17n180,158535.05
r4a17n190,158766.43
r4a17n200,159447.21
r4a17n210,155219.06
r4a17n220,166824.71
r4a17n230,154483.37
r4a17n240,162128.31
r4a17n250,148966.03
r4a17n260,164500.73
r4a17n270,162140.38
r4a17n280,160421.15
r4a17n290,155311.04
r4a18n100,162374.61
r4a18n110,153310.68
r4a18n120,156587.61
r4a18n130,165622.24
r4a18n140,152417.82
r4a18n150,160588.76
r4a18n160,163231.5
r4a18n170,167495.06
r4a18n180,147560.33
r4a18n190,162663.74
r4a18n200,166112.11
r4a18n210,157121.5
r4a18n220,158244.07
r4a18n230,164210.26
r4a18n240,153399.5
r4a18n250,157186.32
r4a18n260,158665.96
r4a18n270,162506.3
r4a18n280,150648.35
r4a18n290,155415.01
r4a19n100,155205.2
r4a19n110,166968.37
r4a19n120,157122.57
r4a19n130,156201.12
r4a19n140,154182.73
r4a19n150,147715.18
r4a19n160,164226.19
r4a19n170,155596.27
r4a19n180,149149.18
r4a19n190,164686.46
r4a19n200,167953.18
r4a19n210,154279.18
r4a19n220,158412.07
r4a19n230,156720.63
r4a19n240,165888.99
r4a19n250,158914.14
r4a19n260,154477.06
r4a19n270,154098.08
r4a19n280,154539.39
r4a19n290,163107.33
r4a20n100,148072.97
r4a20n110,155355.08
r4a20n120,150494.44
r4a20n130,156599.12
r4a20n140,160829.02
r4a20n150,155393.27
r4a20n160,148478.73
r4a20n170,152196.02
r4a20n180,161316.8
r4a20n190,159100.22
r4a20n200,162633.96
r4a20n210,155963.63
r4a20n220,148270.47
r4a20n230,151270.3
r4a20n240,167252.45
r4a20n250,149552.83
r4a20n260,165425.39
r4a20n270,162900.41
r4a20n280,161064.41
r4a20n290,153709.77
r4a21n100,167267.38
r4a21n110,147737.79
r4a21n120,154490.36
r4a21n130,158741.14
r4a21n140,167148.28
r4a21n150,147478.4
r4a21n160,160436.17
r4a21n170,159219.4
r4a21n180,154788.9
r4a21n190,156948.4
r4a21n200,155701.62
r4a21n210,155119.53
r4a21n220,160585.92
r4a21n230,164183.58
r4a21n240,151090.1
r4a21n250,163605.35
r4a21n260,158997.43
r4a21n270,152775.06
r4a21n280,150422.88
r4a21n290,168056.65
r4a22n100,165737.43
r4a22n110,160864.7
r4a22n120,152480.68
r4a22n130,155077.22
r4a22n140,156743.5
r4a22n150,159809.27
r4a22n160,149101.6
r4a22n170,152881.06
r4a22n180,154448.4
r4a22n190,166145.69
r4a22n200,157611.2
r4a22n210,155394.48
r4a22n220,164613.12
r4a22n230,149253.52
r4a22n240,166236.04
r4a22n250,165325.5
r4a22n260,154519.13
r4a22n270,159988.83
r4a22n280,152874.27
r4a22n290,156422.25
r4a23n100,161755.88
r4a23n110,166834.42
r4a23n120,156278.21
r4a23n130,159117.73
r4a23n140,153093.26
r4a23n150,163984.27
r4a23n160,157991.16
r4a23n170,161793.85
r4a23n180,160260.32
r4a23n190,156822.99
r4a23n200,159302.88
r4a23n210,164074.56
r4a23n220,151461.59
r4a23n230,147659.4
r4a23n240,155056.17
r4a23n250,165779.26
r4a23n260,154299.77
r4a23n270,148453.26
r4a23n280,163547.37
r4a23n290,152774.64
r4a24n100,157549.06
r4a24n110,156573.45
r4a24n120,152028.59
r4a24n130,153538.74
r4a24n140,157975.88
r4a24n150,167034.63
r4a24n160,149979.38
r4a24n170,158333.9
r4a24n180,147707.47
r4a24n190,150462.28
r4a24n200,162384.08
r4a24n210,152370.97
r4a24n220,165904.66
r4a24n230,163376.88
r4a24n240,148694.94
r4a24n250,163280.54
r4a24n260,154104.18
r4a24n270,149297.99
r4a24n280,167644.04
r4a24n290,161721.13
r4a25n100,166405.35
r4a25n110,165383.74
r4a25n120,151980.33
r4a25n130,156057.71
r4a25n140,149003.23
r4a25n150,148455.83
r4a25n160,160854.2
r4a25n170,156101.36
r4a25n180,164939.63
r4a25n190,156430.94
r4a25n200,157003.89
r4a25n210,154651.48
r4a25n220,157501.82
r4a25n230,153687.38
r4a25n240,160042.79
r4a25n250,166498.86
r4a25n260,160645.12
r4a25n270,147636.24
r4a25n280,148187.12
r4a25n290,167305.23
r4a26n100,153166.72
r4a26n110,164649.9
r4a26n120,149980.63
r4a26n130,159730.0
r4a26n140,155724.81
r4a26n150,151226.01
r4a26n160,160893.98
r4a26n170,163397.57
r4a26n180,167151.86
r4a26n190,157746.55
r4a26n200,156503.74
r4a26n210,153765.97
r4a26n220,158850.7
r4a26n230,167984.1
r4a26n240,166857.14
r4a26n250,149181.78
r4a26n260,167584.93
r4a26n270,151754.95
r4a26n280,149097.15
r4a26n290,159727.91
r4a27n100,153786.69
r4a27n110,150247.3
r4a27n120,154753.51
r4a27n130,163446.12
r4a27n140,161759.17
r4a27n150,159059.6
r4a27n160,150018.41
r4a27n170,148130.73
r4a27n180,162260.22
r4a27n190,166151.8
r4a27n200,167570.56
r4a27n210,160457.46
r4a27n220,168251.31
r4a27n230,159599.44
r4a27n240,166942.13
r4a27n250,163155.19
r4a27n260,163639.77
r4a27n270,160982.66
r4a27n280,160441.4
r4a27n290,166514.24
r4a28n100,159183.27
r4a28n110,151292.95
r4a28n120,159375.87
r4a28n130,164648.7
r4a28n140,148349.46
r4a28n150,159493.5
r4a28n160,157840.34
r4a28n170,161805.64
r4a28n180,149803.88
r4a28n190,164181.53
r4a28n200,148773.39
r4a28n210,156487.08
r4a28n220,160935.98
r4a28n230,158980.78
r4a28n240,153037.5
r4a28n250,151345.36
r4a28n260,161545.46
r4a28n270,151483.03
r4a28n280,153529.7
r4a28n290,154177.89
r4a29n100,157302.22
r4a29n110,165882.26
r4a29n120,150126.2
r4a29n130,165324.0
r4a29n140,162984.32
r4a29n150,157441.38
r4a29n160,152085.98
r4a29n170,158016.51
r4a29n180,155971.55
r4a29n190,164575.65
r4a29n200,166311.91
r4a29n210,150607.54
r4a29n220,157500.83
r4a29n230,152194.97
r4a29n240,164875.45
r4a29n250,153044.67
r4a29n260,164402.6
r4a29n270,154923.58
r4a29n280,155628.6
r4a29n290,161612.57
r4a30n100,165152.26
r4a30n110,156598.17
r4a30n120,150379.09
r4a30n130,167853.09
r4a30n140,164848.99
r4a30n150,153724.72
r4a30n160,147324.36
r4a30n170,154015.46
r4a30n180,155964.25
r4a30n190,151260.06
r4a30n200,156596.91
r4a30n210,150752.51
r4a30n220,162534.81
r4a30n230,151216.61
r4a30n240,159772.72
r4a30n250,154762.05
r4a30n260,158497.31
r4a30n270,161371.27
r4a30n280,149460.63
r4a30n290,147909.0
