,No.,Popcode,request,response
0,HG00271,FIN,1,30
1,HG00276,FIN,1,30
2,HG00288,FIN,1,30
3,HG00290,FIN,1,30
4,HG00308,FIN,1,30
5,HG00310,FIN,1,30
6,HG00315,FIN,1,30
7,HG00327,FIN,1,30
8,HG00334,FIN,1,30
9,HG00339,FIN,1,30
10,HG00341,FIN,1,30
11,HG00346,FIN,1,30
12,HG00353,FIN,1,30
13,HG00358,FIN,1,30
14,HG00360,FIN,1,30
15,HG00365,FIN,1,30
16,HG00372,FIN,1,30
17,HG00132,GBR,0,29
18,HG00137,GBR,0,29
19,HG00144,GBR,0,29
20,HG00149,GBR,0,29
21,HG00151,GBR,0,29
22,HG00156,GBR,0,29
23,HG00182,FIN,1,30
24,HG00187,FIN,1,30
25,HG00136,GBR,0,29
26,HG00233,GBR,0,29
27,HG00143,GBR,0,29
28,HG00238,GBR,0,29
29,HG00148,GBR,0,29
30,HG00240,GBR,0,29
31,HG00150,GBR,0,29
32,HG00245,GBR,0,29
33,HG00155,GBR,0,29
34,HG00252,GBR,0,29
35,HG00174,FIN,1,30
36,HG00257,GBR,0,29
37,HG00179,FIN,1,30
38,HG00264,GBR,0,29
39,HG00181,FIN,1,30
40,HG00269,FIN,1,30
41,HG00186,FIN,1,30
42,HG00377,FIN,1,30
43,HG00232,GBR,0,29
44,HG00384,FIN,1,30
45,HG00237,GBR,0,29
46,HG00404,CHS,0,29
47,HG00244,GBR,0,29
48,HG00409,CHS,0,29
49,HG00249,GBR,0,29
50,HG00251,GBR,0,29
51,HG00423,CHS,0,29
52,HG00256,GBR,0,29
53,HG00428,CHS,0,29
54,HG00263,GBR,0,29
55,HG00442,CHS,0,29
56,HG00268,FIN,1,30
57,HG00447,CHS,0,29
58,HG00383,FIN,1,30
59,HG00459,CHS,0,29
60,HG00403,CHS,0,29
61,HG00473,CHS,0,29
62,HG00408,CHS,0,29
63,HG00098,GBR,0,29
64,HG00410,CHS,0,29
65,HG00101,GBR,0,29
66,HG00422,CHS,0,29
67,HG00106,GBR,0,29
68,HG00427,CHS,0,29
69,HG00113,GBR,0,29
70,HG00446,CHS,0,29
71,HG00118,GBR,0,29
72,HG00453,CHS,0,29
73,HG00120,GBR,0,29
74,HG00458,CHS,0,29
75,HG00125,GBR,0,29
76,HG00465,CHS,0,29
77,HG00472,CHS,0,29
78,HG00270,FIN,1,30
79,HG00275,FIN,1,30
80,HG00282,FIN,1,30
81,HG00319,FIN,1,30
82,HG00478,CHS,0,29
83,HG00321,FIN,1,30
84,HG00480,CHS,0,29
85,HG00326,FIN,1,30
86,HG00500,CHS,0,29
87,HG00338,FIN,1,30
88,HG00512,CHS,0,29
89,HG00345,FIN,1,30
90,HG00524,CHS,0,29
91,HG00357,FIN,1,30
92,HG00531,CHS,0,29
93,HG00364,FIN,1,30
94,HG00536,CHS,0,29
95,HG00369,FIN,1,30
96,HG00543,CHS,0,29
97,HG00371,FIN,1,30
98,HG00555,PUR,0,29
99,HG00376,FIN,1,30
100,HG00567,CHS,0,29
101,HG00097,GBR,0,29
102,HG00579,CHS,0,29
103,HG00100,GBR,0,29
104,HG00581,CHS,0,29
105,HG00105,GBR,0,29
106,HG00733,PUR,0,29
107,HG00112,GBR,0,29
108,HG00738,PUR,0,29
109,HG00117,GBR,0,29
110,HG00740,PUR,0,29
111,HG00124,GBR,0,29
112,HG00978,CDX,0,29
113,HG00129,GBR,0,29
114,HG01142,CLM,1,6
115,HG00131,GBR,0,29
116,HG01161,PUR,0,29
117,HG01173,PUR,0,29
118,HG01178,PUR,0,29
119,HG01192,PUR,0,29
120,HG01197,PUR,0,29
121,HG01200,PUR,0,29
122,HG00477,CHS,0,29
123,HG01205,PUR,0,29
124,HG00530,CHS,0,29
125,HG01243,PUR,0,29
126,HG00535,CHS,0,29
127,HG01248,PUR,0,29
128,HG00542,CHS,0,29
129,HG01250,CLM,1,6
130,HG00554,PUR,0,29
131,HG00651,CHS,0,29
132,HG00559,CHS,0,29
133,HG00656,CHS,0,29
134,HG00561,CHS,0,29
135,HG00663,CHS,0,29
136,HG00566,CHS,0,29
137,HG00675,CHS,0,29
138,HG00578,CHS,0,29
139,HG00694,CHS,0,29
140,HG00580,CHS,0,29
141,HG00699,CHS,0,29
142,HG00585,CHS,0,29
143,HG00702,CHS,0,29
144,HG00718,CHS,0,29
145,HG00707,CHS,0,29
146,HG00732,PUR,0,29
147,HG00593,CHS,0,29
148,HG00737,PUR,0,29
149,HG00598,CHS,0,29
150,HG00864,CDX,0,29
151,HG00613,CHS,0,29
152,HG00650,CHS,0,29
153,HG00620,CHS,0,29
154,HG00655,CHS,0,29
155,HG00625,CHS,0,29
156,HG00662,CHS,0,29
157,HG00632,CHS,0,29
158,HG00674,CHS,0,29
159,HG00637,PUR,0,29
160,HG00693,CHS,0,29
161,HG01089,PUR,0,29
162,HG00698,CHS,0,29
163,HG01096,PUR,0,29
164,HG00701,CHS,0,29
165,HG01104,PUR,0,29
166,HG00706,CHS,0,29
167,HG01109,PUR,0,29
168,HG01141,CLM,1,6
169,HG01111,PUR,0,29
170,HG01172,PUR,0,29
171,HG01177,PUR,0,29
172,HG01130,CLM,1,6
173,HG01184,PUR,0,29
174,HG01135,CLM,1,6
175,HG01189,PUR,0,29
176,HG01046,CDX,0,29
177,HG01191,PUR,0,29
178,HG01053,PUR,0,29
179,HG01204,PUR,0,29
180,HG01058,PUR,0,29
181,HG01242,PUR,0,29
182,HG01060,PUR,0,29
183,HG01247,PUR,0,29
184,HG01072,PUR,0,29
185,HG01088,PUR,0,29
186,HG01077,PUR,0,29
187,HG01084,PUR,0,29
188,HG01095,PUR,0,29
189,HG01325,PUR,0,29
190,HG01103,PUR,0,29
191,HG01344,CLM,1,6
192,HG01108,PUR,0,29
193,HG01349,CLM,1,6
194,HG01110,PUR,0,29
195,HG01351,CLM,1,6
196,HG01122,CLM,1,6
197,HG01356,CLM,1,6
198,HG01134,CLM,1,6
199,HG01363,CLM,1,6
200,HG01139,CLM,1,6
201,HG01255,CLM,1,6
202,HG00592,CHS,0,29
203,HG01274,CLM,1,6
204,HG00597,CHS,0,29
205,HG01279,CLM,1,6
206,HG01281,CLM,1,6
207,HG00612,CHS,0,29
208,HG01286,PUR,0,29
209,HG00629,CHS,0,29
210,HG01414,PUR,0,29
211,HG00631,CHS,0,29
212,HG00636,CHS,0,29
213,HG01438,CLM,1,6
214,HG01312,PUR,0,29
215,HG01440,CLM,1,6
216,HG01343,CLM,1,6
217,HG01348,CLM,1,6
218,HG01457,CLM,1,6
219,HG01350,CLM,1,6
220,HG01464,CLM,1,6
221,HG01355,CLM,1,6
222,HG01503,IBS,0,5
223,HG01362,CLM,1,6
224,HG01508,IBS,0,5
225,HG01367,CLM,1,6
226,HG01510,IBS,0,5
227,HG01254,CLM,1,6
228,HG01515,IBS,0,5
229,HG01259,CLM,1,6
230,HG01522,IBS,0,5
231,HG01261,CLM,1,6
232,HG01527,IBS,0,5
233,HG01273,CLM,1,6
234,HG01596,KHV,0,5
235,HG01278,CLM,1,6
236,HG01604,IBS,0,5
237,HG01280,CLM,1,6
238,HG01609,IBS,0,5
239,HG01305,PUR,0,29
240,HG01611,IBS,0,5
241,HG01052,PUR,0,29
242,HG01565,PEL,0,5
243,HG01064,PUR,0,29
244,HG01572,PEL,0,5
245,HG01069,PUR,0,29
246,HG01577,PEL,0,5
247,HG01071,PUR,0,29
248,HG01589,PJL,0,5
249,HG01083,PUR,0,29
250,HG01538,IBS,0,5
251,HG01552,CLM,1,6
252,HG01488,CLM,1,6
253,HG01571,PEL,0,5
254,HG01490,CLM,1,6
255,HG01583,PJL,0,5
256,HG01495,CLM,1,6
257,HG01616,IBS,0,5
258,HG01413,PUR,0,29
259,HG01623,IBS,0,5
260,HG01432,CLM,1,6
261,HG01628,IBS,0,5
262,HG01437,CLM,1,6
263,HG01630,IBS,0,5
264,HG01444,CLM,1,6
265,HG01673,IBS,0,5
266,HG01456,CLM,1,6
267,HG01678,IBS,0,5
268,HG01463,CLM,1,6
269,HG01680,IBS,0,5
270,HG01502,IBS,0,5
271,HG01685,IBS,0,5
272,HG01507,IBS,0,5
273,HG01697,IBS,0,5
274,HG01514,IBS,0,5
275,HG01700,IBS,0,5
276,HG01519,IBS,0,5
277,HG01375,CLM,1,6
278,HG01521,IBS,0,5
279,HG01526,IBS,0,5
280,HG01402,PUR,0,29
281,HG01704,IBS,0,5
282,HG01705,IBS,0,5
283,HG01709,IBS,0,5
284,HG01748,IBS,0,5
285,HG01711,IBS,0,5
286,HG01755,IBS,0,5
287,HG01747,IBS,0,5
288,HG01762,IBS,0,5
289,HG01761,IBS,0,5
290,HG02006,PEL,0,5
291,HG01766,IBS,0,5
292,HG02013,ACB,0,5
293,HG01374,CLM,1,6
294,HG02018,KHV,0,5
295,HG01379,CLM,1,6
296,HG02020,KHV,0,5
297,HG01393,PUR,0,29
298,HG02025,KHV,0,5
299,HG01398,PUR,0,29
300,HG02032,KHV,0,5
301,HG01468,CLM,1,6
302,HG02049,KHV,0,5
303,HG02051,ACB,0,5
304,HG02056,KHV,0,5
305,HG01494,CLM,1,6
306,HG02068,KHV,0,5
307,HG01499,CLM,1,6
308,HG02070,KHV,0,5
309,HG01595,KHV,0,5
310,HG02075,KHV,0,5
311,HG01603,IBS,0,5
312,HG01863,KHV,0,5
313,HG01608,IBS,0,5
314,HG01868,KHV,0,5
315,HG01610,IBS,0,5
316,HG01870,KHV,0,5
317,HG01615,IBS,0,5
318,HG01882,ACB,0,5
319,HG01622,IBS,0,5
320,HG01887,ACB,0,5
321,HG01627,IBS,0,5
322,HG01894,ACB,0,5
323,HG01672,IBS,0,5
324,HG01914,ACB,0,5
325,HG01677,IBS,0,5
326,HG01919,PEL,0,5
327,HG01684,IBS,0,5
328,HG01921,PEL,0,5
329,HG01696,IBS,0,5
330,HG01926,PEL,0,5
331,HG02012,ACB,0,5
332,HG01933,PEL,0,5
333,HG02017,KHV,0,5
334,HG01938,PEL,0,5
335,HG02024,KHV,0,5
336,HG01940,PEL,0,5
337,HG02029,KHV,0,5
338,HG01945,PEL,0,5
339,HG02031,KHV,0,5
340,HG01767,IBS,0,5
341,HG02048,KHV,0,5
342,HG01774,IBS,0,5
343,HG02050,KHV,0,5
344,HG01779,IBS,0,5
345,HG02055,ACB,0,5
346,HG01781,IBS,0,5
347,HG02067,KHV,0,5
348,HG01786,IBS,0,5
349,HG02074,KHV,0,5
350,HG01983,PEL,0,5
351,HG02079,KHV,0,5
352,HG01988,ACB,0,5
353,HG01949,PEL,0,5
354,HG01990,ACB,0,5
355,HG01951,PEL,0,5
356,HG01956,ACB,0,5
357,HG01952,PEL,0,5
358,HG01968,PEL,0,5
359,HG01969,PEL,0,5
360,HG01970,PEL,0,5
361,HG01971,PEL,0,5
362,HG01975,PEL,0,5
363,HG01976,PEL,0,5
364,HG01862,KHV,0,5
365,HG01798,CDX,0,29
366,HG01867,KHV,0,5
367,HG01801,CDX,0,29
368,HG01874,KHV,0,5
369,HG01806,CDX,0,29
370,HG01879,ACB,0,5
371,HG01813,CDX,0,29
372,HG01881,ACB,0,5
373,HG01844,KHV,0,5
374,HG01886,ACB,0,5
375,HG01849,KHV,0,5
376,HG01925,PEL,0,5
377,HG01851,KHV,0,5
378,HG01932,PEL,0,5
379,HG02234,IBS,0,5
380,HG01937,PEL,0,5
381,HG02239,IBS,0,5
382,HG01944,PEL,0,5
383,HG02253,PEL,0,5
384,HG01893,PEL,0,5
385,HG02258,ACB,0,5
386,HG01898,PEL,0,5
387,HG02260,PEL,0,5
388,HG01918,PEL,0,5
389,HG02265,PEL,0,5
390,HG01920,PEL,0,5
391,HG02188,CDX,0,29
392,HG01773,IBS,0,5
393,HG02190,CDX,0,29
394,HG01778,IBS,0,5
395,HG02215,GBR,0,29
396,HG01780,IBS,0,5
397,HG02222,IBS,0,5
398,HG01785,IBS,0,5
399,HG02145,ACB,0,5
400,HG01817,CDX,0,29
401,HG02152,CDX,0,29
402,HG01843,KHV,0,5
403,HG02164,CDX,0,29
404,HG01848,KHV,0,5
405,HG01850,KHV,0,5
406,HG01855,KHV,0,5
407,HG02082,KHV,0,5
408,HG01982,PEL,0,5
409,HG02087,KHV,0,5
410,HG01987,ACB,0,5
411,HG02102,PEL,0,5
412,HG01797,CDX,0,29
413,HG02107,ACB,0,5
414,HG01800,CDX,0,29
415,HG02304,PEL,0,5
416,HG01805,CDX,0,29
417,HG02309,ACB,0,5
418,HG01812,CDX,0,29
419,HG02316,ACB,0,5
420,HG02081,KHV,0,5
421,HG02323,ACB,0,5
422,HG02086,KHV,0,5
423,HG02330,ACB,0,5
424,HG02106,PEL,0,5
425,HG02121,KHV,0,5
426,HG02113,KHV,0,5
427,HG02126,KHV,0,5
428,HG02334,ACB,0,5
429,HG02133,KHV,0,5
430,HG02339,ACB,0,5
431,HG02138,KHV,0,5
432,HG02353,CDX,0,29
433,HG02140,KHV,0,5
434,HG02272,PEL,0,5
435,HG02360,CDX,0,29
436,HG02277,PEL,0,5
437,HG02372,CDX,0,29
438,HG02284,ACB,0,5
439,HG02233,IBS,0,5
440,HG02291,PEL,0,5
441,HG02238,IBS,0,5
442,HG02240,IBS,0,5
443,HG02373,CDX,0,29
444,HG02252,PEL,0,5
445,HG02380,CDX,0,29
446,HG02257,ACB,0,5
447,HG02385,CDX,0,29
448,HG02144,ACB,0,5
449,HG02392,CDX,0,29
450,HG02151,CDX,0,29
451,HG02397,CDX,0,29
452,HG02156,CDX,0,29
453,HG02549,ACB,0,5
454,HG02568,GWD,0,5
455,HG02303,PEL,0,5
456,HG02570,GWD,0,5
457,HG02308,ACB,0,5
458,HG02315,ACB,0,5
459,HG02582,GWD,0,5
460,HG02322,ACB,0,5
461,HG02271,PEL,0,5
462,HG02594,GWD,0,5
463,HG02283,ACB,0,5
464,HG02784,PJL,0,5
465,HG02789,PJL,0,5
466,HG02182,CDX,0,29
467,HG02791,PJL,0,5
468,HG02187,CDX,0,29
469,HG02804,GWD,0,5
470,HG02219,IBS,0,5
471,HG02221,IBS,0,5
472,HG02811,GWD,0,5
473,HG02377,CDX,0,29
474,HG02816,GWD,0,5
475,HG02384,CDX,0,29
476,HG02455,ACB,0,5
477,HG02389,CDX,0,29
478,HG02462,GWD,0,5
479,HG02391,CDX,0,29
480,HG02479,ACB,0,5
481,HG02396,CDX,0,29
482,HG02481,ACB,0,5
483,HG02120,KHV,0,5
484,HG02486,ACB,0,5
485,HG02132,KHV,0,5
486,HG02493,PJL,0,5
487,HG02137,KHV,0,5
488,HG02688,PJL,0,5
489,HG02733,PJL,0,5
490,HG02690,PJL,0,5
491,HG02703,GWD,0,5
492,HG02757,GWD,0,5
493,HG02715,GWD,0,5
494,HG02722,GWD,0,5
495,HG02769,GWD,0,5
496,HG02727,PJL,0,5
497,HG02771,GWD,0,5
498,HG02602,PJL,0,5
499,HG02614,GWD,0,5
500,HG02783,PJL,0,5
501,HG02621,GWD,0,5
502,HG02461,GWD,0,5
503,HG02645,GWD,0,5
504,HG02652,PJL,0,5
505,HG02478,ACB,0,5
506,HG02734,PJL,0,5
507,HG02480,ACB,0,5
508,HG02485,ACB,0,5
509,HG02760,GWD,0,5
510,HG02492,PJL,0,5
511,HG02772,GWD,0,5
512,HG02657,PJL,0,5
513,HG02790,PJL,0,5
514,HG02676,GWD,0,5
515,HG02808,GWD,0,5
516,HG02810,GWD,0,5
517,HG02501,ACB,0,5
518,HG02513,KHV,0,5
519,HG02555,ACB,0,5
520,HG02562,GWD,0,5
521,HG02537,ACB,0,5
522,HG02574,GWD,0,5
523,HG02429,ACB,0,5
524,HG02586,GWD,0,5
525,HG02436,ACB,0,5
526,HG02601,PJL,0,5
527,HG02450,ACB,0,5
528,HG02613,GWD,0,5
529,HG02854,GWD,0,5
530,HG02620,GWD,0,5
531,HG02861,GWD,0,5
532,HG02878,GWD,0,5
533,HG02649,PJL,0,5
534,HG02885,GWD,0,5
535,HG02651,PJL,0,5
536,HG02656,PJL,0,5
537,HG02675,GWD,0,5
538,HG02943,ESN,0,5
539,HG02682,PJL,0,5
540,HG02979,ESN,0,5
541,HG02687,PJL,0,5
542,HG02981,ESN,0,5
543,HG02694,PJL,0,5
544,HG03009,BEB,0,5
545,HG02699,PJL,0,5
546,HG03016,PJL,0,5
547,HG02702,GWD,0,5
548,HG02721,GWD,0,5
549,HG03028,GWD,0,5
550,HG02726,PJL,0,5
551,HG02497,ACB,0,5
552,HG02505,ACB,0,5
553,HG03078,MSL,0,5
554,HG02512,KHV,0,5
555,HG03085,MSL,0,5
556,HG02536,ACB,0,5
557,HG03097,MSL,0,5
558,HG02409,CDX,0,29
559,HG03100,ESN,0,5
560,HG02428,ACB,0,5
561,HG03105,ESN,0,5
562,HG02442,ACB,0,5
563,HG03237,PJL,0,5
564,HG02839,GWD,0,5
565,HG03268,ESN,0,5
566,HG02860,GWD,0,5
567,HG03270,ESN,0,5
568,HG02884,GWD,0,5
569,HG03054,MSL,0,5
570,HG02891,GWD,0,5
571,HG03061,MSL,0,5
572,HG02896,GWD,0,5
573,HG03066,MSL,0,5
574,HG02923,ESN,0,5
575,HG03073,MSL,0,5
576,HG03112,ESN,0,5
577,HG03212,MSL,0,5
578,HG03117,ESN,0,5
579,HG03224,MSL,0,5
580,HG03124,ESN,0,5
581,HG03229,PJL,0,5
582,HG03129,ESN,0,5
583,HG03193,ESN,0,5
584,HG03198,ESN,0,5
585,HG03027,GWD,0,5
586,HG03225,MSL,0,5
587,HG03136,ESN,0,5
588,HG03039,GWD,0,5
589,HG03162,ESN,0,5
590,HG03046,GWD,0,5
591,HG02974,ESN,0,5
592,HG03058,MSL,0,5
593,HG03369,ESN,0,5
594,HG03060,MSL,0,5
595,HG03376,MSL,0,5
596,HG03072,MSL,0,5
597,HG03077,MSL,0,5
598,HG03388,MSL,0,5
599,HG03084,MSL,0,5
600,HG03091,MSL,0,5
601,HG03484,MSL,0,5
602,HG03096,MSL,0,5
603,HG03491,PJL,0,5
604,HG03511,ESN,0,5
605,HG03015,PJL,0,5
606,HG03022,PJL,0,5
607,HG03624,PJL,0,5
608,HG03629,PJL,0,5
609,HG03130,ESN,0,5
610,HG03631,PJL,0,5
611,HG03135,ESN,0,5
612,HG03636,PJL,0,5
613,HG03159,ESN,0,5
614,HG03410,MSL,0,5
615,HG03439,MSL,0,5
616,HG03109,ESN,0,5
617,HG03446,MSL,0,5
618,HG03111,ESN,0,5
619,HG03458,MSL,0,5
620,HG03123,ESN,0,5
621,HG03460,MSL,0,5
622,HG02947,ESN,0,5
623,HG03472,MSL,0,5
624,HG02973,ESN,0,5
625,HG03547,MSL,0,5
626,HG03166,ESN,0,5
627,HG03559,MSL,0,5
628,HG03578,MSL,0,5
629,HG03294,ESN,0,5
630,HG03515,ESN,0,5
631,HG03539,GWD,0,5
632,HG03558,MSL,0,5
633,HG03585,BEB,0,5
634,HG03565,MSL,0,5
635,HG03600,BEB,0,5
636,HG03452,MSL,0,5
637,HG03457,MSL,0,5
638,HG03464,MSL,0,5
639,HG03352,ESN,0,5
640,HG03469,MSL,0,5
641,HG03787,ITU,0,5
642,HG03476,MSL,0,5
643,HG03488,PJL,0,5
644,HG03802,BEB,0,5
645,HG03490,PJL,0,5
646,HG03744,STU,0,5
647,HG03394,MSL,0,5
648,HG03756,STU,0,5
649,HG03869,ITU,0,5
650,HG03871,ITU,0,5
651,HG03419,MSL,0,5
652,HG03433,MSL,0,5
653,HG03888,STU,0,5
654,HG03890,STU,0,5
655,HG03445,MSL,0,5
656,HG03895,STU,0,5
657,HG03572,MSL,0,5
658,HG03643,STU,0,5
659,HG03577,MSL,0,5
660,HG03584,MSL,0,5
661,HG03667,PJL,0,5
662,HG03589,BEB,0,5
663,HG03679,STU,0,5
664,HG03681,STU,0,5
665,HG03267,ESN,0,5
666,HG03706,PJL,0,5
667,HG03279,ESN,0,5
668,HG03713,ITU,0,5
669,HG03718,ITU,0,5
670,HG03298,ESN,0,5
671,HG03720,ITU,0,5
672,HG03301,ESN,0,5
673,HG03363,ESN,0,5
674,HG03838,STU,0,5
675,HG03370,ESN,0,5
676,HG03845,STU,0,5
677,HG03382,MSL,0,5
678,HG03857,STU,0,5
679,HG03864,ITU,0,5
680,HG03313,ESN,0,5
681,HG03770,ITU,0,5
682,HG03351,ESN,0,5
683,HG03775,ITU,0,5
684,HG03604,BEB,0,5
685,HG03782,ITU,0,5
686,HG03611,BEB,0,5
687,HG03686,STU,0,5
688,HG03616,BEB,0,5
689,HG03693,STU,0,5
690,HG03779,ITU,0,5
691,HG03698,STU,0,5
692,HG03781,ITU,0,5
693,HG03786,ITU,0,5
694,HG03814,BEB,0,5
695,HG03793,BEB,0,5
696,HG03821,BEB,0,5
697,HG03826,BEB,0,5
698,HG03833,BEB,0,5
699,HG03832,BEB,0,5
700,HG04076,ITU,0,5
701,HG03837,STU,0,5
702,HG04090,ITU,0,5
703,HG03844,STU,0,5
704,HG03849,STU,0,5
705,HG03851,STU,0,5
706,HG03856,STU,0,5
707,HG04134,BEB,0,5
708,HG03697,STU,0,5
709,HG04209,ITU,0,5
710,HG03705,PJL,0,5
711,HG04211,ITU,0,5
712,HG03717,ITU,0,5
713,HG04216,ITU,0,5
714,HG03755,STU,0,5
715,HG03762,PJL,0,5
716,HG04235,ITU,0,5
717,HG03767,PJL,0,5
718,HG03774,ITU,0,5
719,HG03908,BEB,0,5
720,HG03910,BEB,0,5
721,HG03642,STU,0,5
722,HG03922,BEB,0,5
723,HG03863,ITU,0,5
724,HG04141,BEB,0,5
725,HG03868,ITU,0,5
726,HG04146,BEB,0,5
727,HG03870,ITU,0,5
728,HG04153,BEB,0,5
729,HG03875,ITU,0,5
730,HG04158,BEB,0,5
731,HG03882,ITU,0,5
732,HG03887,STU,0,5
733,HG03953,STU,0,5
734,HG03673,STU,0,5
735,HG03960,ITU,0,5
736,HG03680,STU,0,5
737,HG03965,ITU,0,5
738,HG03685,STU,0,5
739,HG03692,STU,0,5
740,HG03977,ITU,0,5
741,HG03729,ITU,0,5
742,HG03989,STU,0,5
743,HG03731,ITU,0,5
744,HG03991,STU,0,5
745,HG03736,STU,0,5
746,HG04002,ITU,0,5
747,HG03743,STU,0,5
748,HG04014,ITU,0,5
749,HG03750,STU,0,5
750,HG04019,ITU,0,5
751,HG04026,ITU,0,5
752,HG04033,STU,0,5
753,HG04177,BEB,0,5
754,HG04063,ITU,0,5
755,HG04070,ITU,0,5
756,HG04189,BEB,0,5
757,HG04075,STU,0,5
758,HG04094,ITU,0,5
759,HG04099,STU,0,5
760,HG03934,BEB,0,5
761,HG04107,STU,0,5
762,HG03941,BEB,0,5
763,HG04038,STU,0,5
764,HG03990,STU,0,5
765,HG03995,STU,0,5
766,NA12828,CEU,0,5
767,HG04001,ITU,0,5
768,NA12830,CEU,0,5
769,HG04006,STU,0,5
770,NA12842,CEU,0,5
771,HG04018,ITU,0,5
772,NA12873,CEU,0,5
773,HG04020,ITU,0,5
774,NA12878,CEU,0,5
775,HG03894,STU,0,5
776,NA12892,CEU,0,5
777,HG03899,STU,0,5
778,NA18484,YRI,0,5
779,HG03902,BEB,0,5
780,NA18489,YRI,0,5
781,HG03907,BEB,0,5
782,NA18504,YRI,0,5
783,HG03914,BEB,0,5
784,NA18509,YRI,0,5
785,HG04195,BEB,0,5
786,NA18511,YRI,0,5
787,NA18516,YRI,0,5
788,HG04210,STU,0,5
789,NA10860,CEU,0,5
790,NA10865,CEU,0,5
791,HG04164,BEB,0,5
792,NA11832,CEU,0,5
793,HG04171,BEB,0,5
794,NA11882,CEU,0,5
795,HG04176,BEB,0,5
796,NA11894,CEU,0,5
797,HG04183,BEB,0,5
798,NA11919,CEU,0,5
799,HG04188,BEB,0,5
800,NA11933,CEU,0,5
801,NA11995,CEU,0,5
802,HG04140,BEB,0,5
803,NA12006,CEU,0,5
804,HG04152,BEB,0,5
805,NA12044,CEU,0,5
806,NA12056,CEU,0,5
807,HG03919,BEB,0,5
808,NA12145,CEU,0,5
809,HG03926,BEB,0,5
810,NA12234,CEU,0,5
811,HG03940,BEB,0,5
812,NA12239,CEU,0,5
813,HG03945,STU,0,5
814,NA12272,CEU,0,5
815,HG03969,ITU,0,5
816,NA18523,YRI,0,5
817,HG03971,ITU,0,5
818,NA18528,CHB,0,5
819,HG03976,ITU,0,5
820,NA18530,CHB,0,5
821,HG04025,ITU,0,5
822,NA18535,CHB,0,5
823,HG04037,STU,0,5
824,NA18542,CHB,0,5
825,HG04056,ITU,0,5
826,NA18547,CHB,0,5
827,NA18503,YRI,0,5
828,NA18559,CHB,0,5
829,NA18508,YRI,0,5
830,NA18561,CHB,0,5
831,NA18510,YRI,0,5
832,NA18566,CHB,0,5
833,NA18515,YRI,0,5
834,NA18573,CHB,0,5
835,NA18522,YRI,0,5
836,NA18592,CHB,0,5
837,NA18527,CHB,0,5
838,NA18597,CHB,0,5
839,NA18534,CHB,0,5
840,NA18605,CHB,0,5
841,NA18539,CHB,0,5
842,NA18612,CHB,0,5
843,NA18541,CHB,0,5
844,NA18617,CHB,0,5
845,NA18546,CHB,0,5
846,NA18624,CHB,0,5
847,NA18553,CHB,0,5
848,NA18876,YRI,0,5
849,NA18558,CHB,0,5
850,NA18908,YRI,0,5
851,NA18560,CHB,0,5
852,NA18910,YRI,0,5
853,NA18565,CHB,0,5
854,NA18915,YRI,0,5
855,NA18572,CHB,0,5
856,NA18934,YRI,0,5
857,NA18933,YRI,0,5
858,NA18939,JPT,0,5
859,NA18940,JPT,0,5
860,NA18941,JPT,0,5
861,NA18945,JPT,0,5
862,NA18946,JPT,0,5
863,NA18952,JPT,0,5
864,NA18953,JPT,0,5
865,NA18957,JPT,0,5
866,NA18960,JPT,0,5
867,NA18964,JPT,0,5
868,NA18629,CHB,0,5
869,NA18969,JPT,0,5
870,NA18631,CHB,0,5
871,NA18971,JPT,0,5
872,NA18636,CHB,0,5
873,NA18976,JPT,0,5
874,NA18643,CHB,0,5
875,NA18983,JPT,0,5
876,NA18648,CHB,0,5
877,NA18988,JPT,0,5
878,NA18749,CHB,0,5
879,NA18990,JPT,0,5
880,NA18794,CHB,0,5
881,NA18995,JPT,0,5
882,NA18852,YRI,0,5
883,NA19001,JPT,0,5
884,NA18857,YRI,0,5
885,NA19006,JPT,0,5
886,NA18864,YRI,0,5
887,NA10852,CEU,0,5
888,NA18869,YRI,0,5
889,NA10857,CEU,0,5
890,NA18871,YRI,0,5
891,NA10864,CEU,0,5
892,NA12335,CEU,0,5
893,NA11829,CEU,0,5
894,NA12342,CEU,0,5
895,NA11831,CEU,0,5
896,NA12347,CEU,0,5
897,NA11843,CEU,0,5
898,NA12400,CEU,0,5
899,NA11881,CEU,0,5
900,NA12708,CEU,0,5
901,NA11893,CEU,0,5
902,NA12739,CEU,0,5
903,NA11918,CEU,0,5
904,NA12753,CEU,0,5
905,NA11920,CEU,0,5
906,NA12760,CEU,0,5
907,NA11932,CEU,0,5
908,NA12777,CEU,0,5
909,NA11994,CEU,0,5
910,NA18965,JPT,0,5
911,NA12005,CEU,0,5
912,NA18972,JPT,0,5
913,NA12043,CEU,0,5
914,NA18977,JPT,0,5
915,NA18577,CHB,0,5
916,NA18984,JPT,0,5
917,NA18591,CHB,0,5
918,NA18989,JPT,0,5
919,NA18596,CHB,0,5
920,NA18991,JPT,0,5
921,NA18609,CHB,0,5
922,NA19002,JPT,0,5
923,NA18611,CHB,0,5
924,NA19007,JPT,0,5
925,NA18616,CHB,0,5
926,NA19019,LWK,0,5
927,NA18623,CHB,0,5
928,NA19026,LWK,0,5
929,NA18628,CHB,0,5
930,NA06984,CEU,0,5
931,NA18630,CHB,0,5
932,NA06989,CEU,0,5
933,NA18635,CHB,0,5
934,NA06991,CEU,0,5
935,NA18642,CHB,0,5
936,NA07014,CEU,0,5
937,NA18647,CHB,0,5
938,NA07019,CEU,0,5
939,NA18748,CHB,0,5
940,NA07045,CEU,0,5
941,NA18856,YRI,0,5
942,NA07348,CEU,0,5
943,NA12752,CEU,0,5
944,NA10839,CEU,0,5
945,NA12776,CEU,0,5
946,NA10846,CEU,0,5
947,NA12815,CEU,0,5
948,NA10853,CEU,0,5
949,NA12827,CEU,0,5
950,NA19103,YRI,0,5
951,NA12865,CEU,0,5
952,NA19108,YRI,0,5
953,NA12872,CEU,0,5
954,NA19115,YRI,0,5
955,NA12877,CEU,0,5
956,NA19122,YRI,0,5
957,NA12889,CEU,0,5
958,NA19127,YRI,0,5
959,NA12891,CEU,0,5
960,NA19139,YRI,0,5
961,NA18488,YRI,0,5
962,NA19141,YRI,0,5
963,NA12144,CEU,0,5
964,NA19146,YRI,0,5
965,NA12156,CEU,0,5
966,NA19153,YRI,0,5
967,NA12264,CEU,0,5
968,NA19160,YRI,0,5
969,NA12283,CEU,0,5
970,NA19172,YRI,0,5
971,NA12341,CEU,0,5
972,NA19177,YRI,0,5
973,NA12485,CEU,0,5
974,NA19184,YRI,0,5
975,NA12707,CEU,0,5
976,NA19189,YRI,0,5
977,NA12740,CEU,0,5
978,NA19191,YRI,0,5
979,NA07051,CEU,0,5
980,NA19312,LWK,0,5
981,NA07056,CEU,0,5
982,NA19317,LWK,0,5
983,NA07347,CEU,0,5
984,NA19324,LWK,0,5
985,NA10838,CEU,0,5
986,NA19331,LWK,0,5
987,NA10840,CEU,0,5
988,NA19350,LWK,0,5
989,NA10845,CEU,0,5
990,NA19355,LWK,0,5
991,HG04222,ITU,0,5
992,NA19374,LWK,0,5
993,HG04227,STU,0,5
994,NA19379,LWK,0,5
995,HG04239,ITU,0,5
996,NA19381,LWK,0,5
997,NA06995,CEU,0,5
998,NA19393,LWK,0,5
999,NA07037,CEU,0,5
1000,NA19398,LWK,0,5
1001,NA18863,YRI,0,5
1002,NA19401,LWK,0,5
1003,NA18868,YRI,0,5
1004,NA19432,LWK,0,5
1005,NA18870,YRI,0,5
1006,NA19437,LWK,0,5
1007,NA18875,YRI,0,5
1008,NA19444,LWK,0,5
1009,NA18907,YRI,0,5
1010,NA19449,LWK,0,5
1011,NA18914,YRI,0,5
1012,NA19451,LWK,0,5
1013,NA19140,YRI,0,5
1014,NA19456,LWK,0,5
1015,NA19145,YRI,0,5
1016,NA19463,LWK,0,5
1017,NA19152,YRI,0,5
1018,NA19468,LWK,0,5
1019,NA19171,YRI,0,5
1020,NA19470,LWK,0,5
1021,NA19176,YRI,0,5
1022,NA19475,LWK,0,5
1023,NA19190,YRI,0,5
1024,NA19653,MXL,0,5
1025,NA19195,YRI,0,5
1026,NA19658,MXL,0,5
1027,NA19203,YRI,0,5
1028,NA19660,MXL,0,5
1029,NA19208,YRI,0,5
1030,NA19665,MXL,0,5
1031,NA19210,YRI,0,5
1032,NA19672,MXL,0,5
1033,NA19215,YRI,0,5
1034,NA19742,MXL,0,5
1035,NA19222,YRI,0,5
1036,NA19747,MXL,0,5
1037,NA19239,YRI,0,5
1038,NA19258,YRI,0,5
1039,NA19759,MXL,0,5
1040,NA19309,LWK,0,5
1041,NA19761,MXL,0,5
1042,NA19311,LWK,0,5
1043,NA19766,MXL,0,5
1044,NA19316,LWK,0,5
1045,NA19773,MXL,0,5
1046,NA19323,LWK,0,5
1047,NA19778,MXL,0,5
1048,NA19328,LWK,0,5
1049,NA19780,MXL,0,5
1050,NA19347,LWK,0,5
1051,NA19785,MXL,0,5
1052,NA19359,LWK,0,5
1053,NA19792,MXL,0,5
1054,NA19373,LWK,0,5
1055,NA19378,LWK,0,5
1056,NA19836,ASW,0,5
1057,NA19380,LWK,0,5
1058,NA19901,ASW,0,5
1059,NA19385,LWK,0,5
1060,NA19913,ASW,0,5
1061,NA19397,LWK,0,5
1062,NA19918,ASW,0,5
1063,NA19429,LWK,0,5
1064,NA19920,ASW,0,5
1065,NA19431,LWK,0,5
1066,NA19982,ASW,0,5
1067,NA19436,LWK,0,5
1068,NA20129,ASW,0,5
1069,NA19443,LWK,0,5
1070,NA20282,ASW,0,5
1071,NA19448,LWK,0,5
1072,NA19677,MXL,0,5
1073,NA19455,LWK,0,5
1074,NA19684,MXL,0,5
1075,NA19462,LWK,0,5
1076,NA19704,ASW,0,5
1077,NA19467,LWK,0,5
1078,NA19711,ASW,0,5
1079,NA19474,LWK,0,5
1080,NA19716,MXL,0,5
1081,NA19652,MXL,0,5
1082,NA19723,MXL,0,5
1083,NA19657,MXL,0,5
1084,NA19728,MXL,0,5
1085,NA19664,MXL,0,5
1086,NA19730,MXL,0,5
1087,NA19669,MXL,0,5
1088,NA19735,MXL,0,5
1089,NA19671,MXL,0,5
1090,NA19196,YRI,0,5
1091,NA19676,MXL,0,5
1092,NA19204,YRI,0,5
1093,NA19020,LWK,0,5
1094,NA19209,YRI,0,5
1095,NA19025,LWK,0,5
1096,NA19211,YRI,0,5
1097,NA19037,LWK,0,5
1098,NA19223,YRI,0,5
1099,NA19044,LWK,0,5
1100,NA19235,YRI,0,5
1101,NA19056,JPT,0,5
1102,NA19247,YRI,0,5
1103,NA19063,JPT,0,5
1104,NA19254,YRI,0,5
1105,NA19068,JPT,0,5
1106,NA19038,LWK,0,5
1107,NA19070,JPT,0,5
1108,NA19057,JPT,0,5
1109,NA19075,JPT,0,5
1110,NA19064,JPT,0,5
1111,NA19082,JPT,0,5
1112,NA19076,JPT,0,5
1113,NA19087,JPT,0,5
1114,NA19083,JPT,0,5
1115,NA19828,ASW,0,5
1116,NA19088,JPT,0,5
1117,NA19835,ASW,0,5
1118,NA19090,JPT,0,5
1119,NA19900,ASW,0,5
1120,NA19095,YRI,0,5
1121,NA20287,ASW,0,5
1122,NA19917,ASW,0,5
1123,NA20294,ASW,0,5
1124,NA19924,ASW,0,5
1125,NA20299,ASW,0,5
1126,NA20128,ASW,0,5
1127,NA20302,ASW,0,5
1128,NA20274,ASW,0,5
1129,NA20314,ASW,0,5
1130,NA20279,ASW,0,5
1131,NA20319,ASW,0,5
1132,NA20281,ASW,0,5
1133,NA20321,ASW,0,5
1134,NA19746,MXL,0,5
1135,NA20333,ASW,0,5
1136,NA19753,MXL,0,5
1137,NA20340,ASW,0,5
1138,NA19758,MXL,0,5
1139,NA20787,TSI,0,5
1140,NA19760,MXL,0,5
1141,NA20799,TSI,0,5
1142,NA19772,MXL,0,5
1143,NA20802,TSI,0,5
1144,NA19777,MXL,0,5
1145,NA20807,TSI,0,5
1146,NA19784,MXL,0,5
1147,NA20814,TSI,0,5
1148,NA19789,MXL,0,5
1149,NA20819,TSI,0,5
1150,NA19796,MXL,0,5
1151,NA20821,TSI,0,5
1152,NA19094,YRI,0,5
1153,NA20826,TSI,0,5
1154,NA19099,YRI,0,5
1155,NA20845,GIH,0,5
1156,NA19102,YRI,0,5
1157,NA20852,GIH,0,5
1158,NA19107,YRI,0,5
1159,NA20345,ASW,0,5
1160,NA19114,YRI,0,5
1161,NA20357,ASW,0,5
1162,NA19119,YRI,0,5
1163,NA20364,ASW,0,5
1164,NA19121,YRI,0,5
1165,NA20504,TSI,0,5
1166,NA19138,YRI,0,5
1167,NA20509,TSI,0,5
1168,NA19683,MXL,0,5
1169,NA20511,TSI,0,5
1170,NA19703,ASW,0,5
1171,NA20516,TSI,0,5
1172,NA19708,ASW,0,5
1173,NA20528,TSI,0,5
1174,NA19722,MXL,0,5
1175,NA20530,TSI,0,5
1176,NA19727,MXL,0,5
1177,NA20535,TSI,0,5
1178,NA19734,MXL,0,5
1179,NA20542,TSI,0,5
1180,NA19741,MXL,0,5
1181,NA20585,TSI,0,5
1182,NA20298,ASW,0,5
1183,NA20756,TSI,0,5
1184,NA20301,ASW,0,5
1185,NA20763,TSI,0,5
1186,NA20313,ASW,0,5
1187,NA20768,TSI,0,5
1188,NA20318,ASW,0,5
1189,NA20770,TSI,0,5
1190,NA20320,ASW,0,5
1191,NA20775,TSI,0,5
1192,NA20332,ASW,0,5
1193,NA20864,GIH,0,5
1194,NA20337,ASW,0,5
1195,NA20869,GIH,0,5
1196,NA20344,ASW,0,5
1197,NA20871,GIH,0,5
1198,NA20349,ASW,0,5
1199,NA20876,GIH,0,5
1200,NA20351,ASW,0,5
1201,NA20883,GIH,0,5
1202,NA20356,ASW,0,5
1203,NA20908,GIH,0,5
1204,NA20363,ASW,0,5
1205,NA20910,GIH,0,5
1206,NA20414,ASW,0,5
1207,NA21088,GIH,0,5
1208,NA20503,TSI,0,5
1209,NA21090,GIH,0,5
1210,NA20508,TSI,0,5
1211,NA21095,GIH,0,5
1212,NA20510,TSI,0,5
1213,NA20888,GIH,0,5
1214,NA20515,TSI,0,5
1215,NA20890,GIH,0,5
1216,NA20522,TSI,0,5
1217,NA20895,GIH,0,5
1218,NA20786,TSI,0,5
1219,NA20903,GIH,0,5
1220,NA20798,TSI,0,5
1221,NA20801,TSI,0,5
1222,NA20806,TSI,0,5
1223,NA20813,TSI,0,5
1224,NA20818,TSI,0,5
1225,NA20832,TSI,0,5
1226,NA21127,GIH,0,5
1227,NA20849,GIH,0,5
1228,NA21134,GIH,0,5
1229,NA20851,GIH,0,5
1230,NA21141,GIH,0,5
1231,NA20856,GIH,0,5
1232,NA21103,GIH,0,5
1233,NA21126,GIH,0,5
1234,NA21108,GIH,0,5
1235,NA21133,GIH,0,5
1236,NA21110,GIH,0,5
1237,NA21115,GIH,0,5
1238,NA20527,TSI,0,5
1239,NA21122,GIH,0,5
1240,NA20534,TSI,0,5
1241,NA20539,TSI,0,5
1242,NA20541,TSI,0,5
1243,NA20589,TSI,0,5
1244,NA20755,TSI,0,5
1245,NA20762,TSI,0,5
1246,NA20767,TSI,0,5
1247,NA20774,TSI,0,5
1248,NA21102,GIH,0,5
1249,NA21107,GIH,0,5
1250,NA21114,GIH,0,5
1251,NA21119,GIH,0,5
1252,NA21121,GIH,0,5
1253,NA20863,GIH,0,5
1254,NA20868,GIH,0,5
1255,NA20870,GIH,0,5
1256,NA20875,GIH,0,5
1257,NA20882,GIH,0,5
1258,NA20907,GIH,0,5
1259,NA21087,GIH,0,5
1260,NA21094,GIH,0,5
1261,NA21099,GIH,0,5
1262,NA20887,GIH,0,5
1263,NA20894,GIH,0,5
1264,NA20899,GIH,0,5
1265,NA20902,GIH,0,5
1266,HG00135,GBR,0,29
1267,HG00142,GBR,0,29
1268,HG00147,GBR,0,29
1269,HG00138,GBR,0,29
1270,HG00154,GBR,0,29
1271,HG00140,GBR,0,29
1272,HG00159,GBR,0,29
1273,HG00145,GBR,0,29
1274,HG00173,FIN,1,30
1275,HG00152,GBR,0,29
1276,HG00178,FIN,1,30
1277,HG00157,GBR,0,29
1278,HG00180,FIN,1,30
1279,HG00171,FIN,1,30
1280,HG00185,FIN,1,30
1281,HG00176,FIN,1,30
1282,HG00231,GBR,0,29
1283,HG00183,FIN,1,30
1284,HG00236,GBR,0,29
1285,HG00188,FIN,1,30
1286,HG00243,GBR,0,29
1287,HG00190,FIN,1,30
1288,HG00248,GBR,0,29
1289,HG00234,GBR,0,29
1290,HG00250,GBR,0,29
1291,HG00239,GBR,0,29
1292,HG00255,GBR,0,29
1293,HG00246,GBR,0,29
1294,HG00262,GBR,0,29
1295,HG00253,GBR,0,29
1296,HG00267,FIN,1,30
1297,HG00258,GBR,0,29
1298,HG00274,FIN,1,30
1299,HG00260,GBR,0,29
1300,HG00281,FIN,1,30
1301,HG00265,GBR,0,29
1302,HG00306,FIN,1,30
1303,HG00272,FIN,1,30
1304,HG00313,FIN,1,30
1305,HG00277,FIN,1,30
1306,HG00318,FIN,1,30
1307,HG00501,CHS,0,29
1308,HG00320,FIN,1,30
1309,HG00513,CHS,0,29
1310,HG00325,FIN,1,30
1311,HG00525,CHS,0,29
1312,HG00332,FIN,1,30
1313,HG00532,CHS,0,29
1314,HG00337,FIN,1,30
1315,HG00537,CHS,0,29
1316,HG00344,FIN,1,30
1317,HG00544,CHS,0,29
1318,HG00349,FIN,1,30
1319,HG00551,PUR,0,29
1320,HG00351,FIN,1,30
1321,HG00556,CHS,0,29
1322,HG00356,FIN,1,30
1323,HG00582,CHS,0,29
1324,HG00368,FIN,1,30
1325,HG00378,FIN,1,30
1326,HG00375,FIN,1,30
1327,HG00380,FIN,1,30
1328,HG00096,GBR,0,29
1329,HG00405,CHS,0,29
1330,HG00104,GBR,0,29
1331,HG00429,CHS,0,29
1332,HG00109,GBR,0,29
1333,HG00436,CHS,0,29
1334,HG00111,GBR,0,29
1335,HG00443,CHS,0,29
1336,HG00116,GBR,0,29
1337,HG00448,CHS,0,29
1338,HG00123,GBR,0,29
1339,HG00450,CHS,0,29
1340,HG00128,GBR,0,29
1341,HG00474,CHS,0,29
1342,HG00130,GBR,0,29
1343,HG00479,CHS,0,29
1344,HG00284,FIN,1,30
1345,HG00304,FIN,1,30
1346,HG00309,FIN,1,30
1347,HG00311,FIN,1,30
1348,HG00323,FIN,1,30
1349,HG00328,FIN,1,30
1350,HG00330,FIN,1,30
1351,HG00335,FIN,1,30
1352,HG00342,FIN,1,30
1353,HG00359,FIN,1,30
1354,HG00361,FIN,1,30
1355,HG00366,FIN,1,30
1356,HG00373,FIN,1,30
1357,HG00594,CHS,0,29
1358,HG00599,CHS,0,29
1359,HG00607,CHS,0,29
1360,HG00614,CHS,0,29
1361,HG00382,FIN,1,30
1362,HG00619,CHS,0,29
1363,HG00407,CHS,0,29
1364,HG00621,CHS,0,29
1365,HG00419,CHS,0,29
1366,HG00626,CHS,0,29
1367,HG00421,CHS,0,29
1368,HG00438,CHS,0,29
1369,HG00638,PUR,0,29
1370,HG00445,CHS,0,29
1371,HG00099,GBR,0,29
1372,HG00452,CHS,0,29
1373,HG00102,GBR,0,29
1374,HG00457,CHS,0,29
1375,HG00107,GBR,0,29
1376,HG00464,CHS,0,29
1377,HG00114,GBR,0,29
1378,HG00476,CHS,0,29
1379,HG00119,GBR,0,29
1380,HG00729,CHS,0,29
1381,HG00121,GBR,0,29
1382,HG00731,PUR,0,29
1383,HG00126,GBR,0,29
1384,HG00736,PUR,0,29
1385,HG00133,GBR,0,29
1386,HG00743,PUR,0,29
1387,HG00844,CDX,0,29
1388,HG00851,CDX,0,29
1389,HG00983,CDX,0,29
1390,HG00640,PUR,0,29
1391,HG01094,PUR,0,29
1392,HG00652,CHS,0,29
1393,HG01099,PUR,0,29
1394,HG00657,CHS,0,29
1395,HG01102,PUR,0,29
1396,HG00664,CHS,0,29
1397,HG01107,PUR,0,29
1398,HG00671,CHS,0,29
1399,HG01114,CLM,1,6
1400,HG01119,CLM,1,6
1401,HG00683,CHS,0,29
1402,HG01121,CLM,1,6
1403,HG00690,CHS,0,29
1404,HG01126,CLM,1,6
1405,HG00703,CHS,0,29
1406,HG01133,CLM,1,6
1407,HG00708,CHS,0,29
1408,HG01138,CLM,1,6
1409,HG01148,CLM,1,6
1410,HG01140,CLM,1,6
1411,HG01150,CLM,1,6
1412,HG00534,CHS,0,29
1413,HG01162,PUR,0,29
1414,HG00553,PUR,0,29
1415,HG01167,PUR,0,29
1416,HG00558,CHS,0,29
1417,HG01174,PUR,0,29
1418,HG00560,CHS,0,29
1419,HG01198,PUR,0,29
1420,HG00565,CHS,0,29
1421,HG01206,PUR,0,29
1422,HG00577,CHS,0,29
1423,HG01249,PUR,0,29
1424,HG00584,CHS,0,29
1425,HG01251,CLM,1,6
1426,HG00589,CHS,0,29
1427,HG01326,PUR,0,29
1428,HG00642,PUR,0,29
1429,HG01345,CLM,1,6
1430,HG00654,CHS,0,29
1431,HG01352,CLM,1,6
1432,HG00673,CHS,0,29
1433,HG01357,CLM,1,6
1434,HG00685,CHS,0,29
1435,HG00692,CHS,0,29
1436,HG01369,CLM,1,6
1437,HG00700,CHS,0,29
1438,HG01092,PUR,0,29
1439,HG00705,CHS,0,29
1440,HG01097,PUR,0,29
1441,HG00717,CHS,0,29
1442,HG01100,PUR,0,29
1443,HG00591,CHS,0,29
1444,HG01105,PUR,0,29
1445,HG00596,CHS,0,29
1446,HG01112,CLM,1,6
1447,HG00609,CHS,0,29
1448,HG01124,CLM,1,6
1449,HG00611,CHS,0,29
1450,HG01131,CLM,1,6
1451,HG00623,CHS,0,29
1452,HG01136,CLM,1,6
1453,HG00628,CHS,0,29
1454,HG01028,CDX,0,29
1455,HG00630,CHS,0,29
1456,HG01047,PUR,0,29
1457,HG00635,CHS,0,29
1458,HG01054,PUR,0,29
1459,HG01049,PUR,0,29
1460,HG01061,PUR,0,29
1461,HG01051,PUR,0,29
1462,HG01066,PUR,0,29
1463,HG01056,PUR,0,29
1464,HG01073,PUR,0,29
1465,HG01063,PUR,0,29
1466,HG01080,PUR,0,29
1467,HG01068,PUR,0,29
1468,HG01085,PUR,0,29
1469,HG01070,PUR,0,29
1470,HG01376,CLM,1,6
1471,HG01075,PUR,0,29
1472,HG01383,CLM,1,6
1473,HG01082,PUR,0,29
1474,HG01390,CLM,1,6
1475,HG01087,PUR,0,29
1476,HG01395,PUR,0,29
1477,HG01164,PUR,0,29
1478,HG01403,PUR,0,29
1479,HG01169,PUR,0,29
1480,HG01171,PUR,0,29
1481,HG01439,CLM,1,6
1482,HG01176,PUR,0,29
1483,HG01441,CLM,1,6
1484,HG01183,PUR,0,29
1485,HG01188,PUR,0,29
1486,HG01465,CLM,1,6
1487,HG01190,PUR,0,29
1488,HG00734,PUR,0,29
1489,HG00739,PUR,0,29
1490,HG01241,PUR,0,29
1491,HG00741,PUR,0,29
1492,HG01253,CLM,1,6
1493,HG00866,CDX,0,29
1494,HG01258,CLM,1,6
1495,HG01256,CLM,1,6
1496,HG01260,CLM,1,6
1497,HG01275,CLM,1,6
1498,HG01272,CLM,1,6
1499,HG01302,PUR,0,29
1500,HG01277,CLM,1,6
1501,HG01284,CLM,1,6
1502,HG01311,PUR,0,29
1503,HG01489,CLM,1,6
1504,HG01323,PUR,0,29
1505,HG01491,CLM,1,6
1506,HG01342,CLM,1,6
1507,HG01496,CLM,1,6
1508,HG01347,CLM,1,6
1509,HG01504,IBS,0,5
1510,HG01354,CLM,1,6
1511,HG01597,KHV,0,5
1512,HG01359,CLM,1,6
1513,HG01600,KHV,0,5
1514,HG01361,CLM,1,6
1515,HG01605,IBS,0,5
1516,HG01366,CLM,1,6
1517,HG01612,IBS,0,5
1518,HG01474,CLM,1,6
1519,HG01509,IBS,0,5
1520,HG01479,CLM,1,6
1521,HG01511,IBS,0,5
1522,HG01516,IBS,0,5
1523,HG01486,CLM,1,6
1524,HG01523,IBS,0,5
1525,HG01493,CLM,1,6
1526,HG01528,IBS,0,5
1527,HG01498,CLM,1,6
1528,HG01530,IBS,0,5
1529,HG01501,IBS,0,5
1530,HG01617,IBS,0,5
1531,HG01614,IBS,0,5
1532,HG01624,IBS,0,5
1533,HG01619,IBS,0,5
1534,HG01629,IBS,0,5
1535,HG01621,IBS,0,5
1536,HG01631,IBS,0,5
1537,HG01626,IBS,0,5
1538,HG01667,IBS,0,5
1539,HG01633,IBS,0,5
1540,HG01674,IBS,0,5
1541,HG01669,IBS,0,5
1542,HG01566,PEL,0,5
1543,HG01671,IBS,0,5
1544,HG01573,PEL,0,5
1545,HG01378,CLM,1,6
1546,HG01578,PEL,0,5
1547,HG01385,CLM,1,6
1548,HG01679,IBS,0,5
1549,HG01392,PUR,0,29
1550,HG01681,IBS,0,5
1551,HG01686,IBS,0,5
1552,HG01405,PUR,0,29
1553,HG01698,IBS,0,5
1554,HG01412,PUR,0,29
1555,HG01701,IBS,0,5
1556,HG01768,IBS,0,5
1557,HG01599,KHV,0,5
1558,HG01770,IBS,0,5
1559,HG01602,IBS,0,5
1560,HG01775,IBS,0,5
1561,HG01607,IBS,0,5
1562,HG01782,IBS,0,5
1563,HG01506,IBS,0,5
1564,HG01513,IBS,0,5
1565,HG01706,IBS,0,5
1566,HG01518,IBS,0,5
1567,HG01756,IBS,0,5
1568,HG01520,IBS,0,5
1569,HG01763,IBS,0,5
1570,HG01525,IBS,0,5
1571,HG01794,CDX,0,29
1572,HG01532,IBS,0,5
1573,HG01799,CDX,0,29
1574,HG01537,IBS,0,5
1575,HG01802,CDX,0,29
1576,HG01551,CLM,1,6
1577,HG01807,CDX,0,29
1578,HG01556,CLM,1,6
1579,HG01888,ACB,0,5
1580,HG01431,CLM,1,6
1581,HG01890,ACB,0,5
1582,HG01443,CLM,1,6
1583,HG01895,ACB,0,5
1584,HG01455,CLM,1,6
1585,HG01915,ACB,0,5
1586,HG01462,CLM,1,6
1587,HG01922,PEL,0,5
1588,HG01676,IBS,0,5
1589,HG01953,PEL,0,5
1590,HG01683,IBS,0,5
1591,HG01958,ACB,0,5
1592,HG01695,IBS,0,5
1593,HG01960,ACB,0,5
1594,HG01979,PEL,0,5
1595,HG01965,PEL,0,5
1596,HG01981,PEL,0,5
1597,HG01972,PEL,0,5
1598,HG01986,ACB,0,5
1599,HG01977,PEL,0,5
1600,HG01993,PEL,0,5
1601,HG01984,PEL,0,5
1602,HG01998,PEL,0,5
1603,HG01989,ACB,0,5
1604,HG01892,PEL,0,5
1605,HG01991,PEL,0,5
1606,HG01897,ACB,0,5
1607,HG02002,PEL,0,5
1608,HG01912,ACB,0,5
1609,HG02014,ACB,0,5
1610,HG01917,PEL,0,5
1611,HG02019,KHV,0,5
1612,HG01924,PEL,0,5
1613,HG02021,KHV,0,5
1614,HG01866,KHV,0,5
1615,HG02026,KHV,0,5
1616,HG01873,KHV,0,5
1617,HG01927,PEL,0,5
1618,HG01878,KHV,0,5
1619,HG01934,PEL,0,5
1620,HG01880,ACB,0,5
1621,HG01939,PEL,0,5
1622,HG01885,ACB,0,5
1623,HG01941,PEL,0,5
1624,HG01772,IBS,0,5
1625,HG01946,PEL,0,5
1626,HG01777,IBS,0,5
1627,HG01864,KHV,0,5
1628,HG01784,IBS,0,5
1629,HG01869,KHV,0,5
1630,HG01789,GBR,0,29
1631,HG01871,KHV,0,5
1632,HG01703,IBS,0,5
1633,HG01883,ACB,0,5
1634,HG01708,IBS,0,5
1635,HG02064,KHV,0,5
1636,HG01710,IBS,0,5
1637,HG02069,KHV,0,5
1638,HG01746,IBS,0,5
1639,HG02071,KHV,0,5
1640,HG01765,IBS,0,5
1641,HG02076,KHV,0,5
1642,HG00134,GBR,0,29
1643,HG01791,GBR,0,29
1644,HG02040,KHV,0,5
1645,HG00139,GBR,0,29
1646,HG01796,CDX,0,29
1647,HG02052,ACB,0,5
1648,HG00141,GBR,0,29
1649,HG01804,CDX,0,29
1650,HG02057,KHV,0,5
1651,HG00146,GBR,0,29
1652,HG01809,CDX,0,29
1653,HG01840,KHV,0,5
1654,HG00153,GBR,0,29
1655,HG01811,CDX,0,29
1656,HG01845,KHV,0,5
1657,HG00158,GBR,0,29
1658,HG01950,PEL,0,5
1659,HG01852,KHV,0,5
1660,HG00160,GBR,0,29
1661,HG01955,PEL,0,5
1662,HG01857,KHV,0,5
1663,HG00177,FIN,1,30
1664,HG01967,PEL,0,5
1665,HG02083,KHV,0,5
1666,HG00189,FIN,1,30
1667,HG01974,PEL,0,5
1668,HG02088,KHV,0,5
1669,HG00235,GBR,0,29
1670,HG01936,PEL,0,5
1671,HG02090,PEL,0,5
1672,HG00242,GBR,0,29
1673,HG01943,PEL,0,5
1674,HG02095,ACB,0,5
1675,HG00247,GBR,0,29
1676,HG01948,PEL,0,5
1677,HG02108,ACB,0,5
1678,HG00254,GBR,0,29
1679,HG01816,CDX,0,29
1680,HG02273,PEL,0,5
1681,HG00259,GBR,0,29
1682,HG01842,KHV,0,5
1683,HG02278,PEL,0,5
1684,HG00261,GBR,0,29
1685,HG01847,KHV,0,5
1686,HG02280,ACB,0,5
1687,HG00266,FIN,1,30
1688,HG01859,KHV,0,5
1689,HG02285,PEL,0,5
1690,HG00273,FIN,1,30
1691,HG01861,KHV,0,5
1692,HG02292,PEL,0,5
1693,HG00278,FIN,1,30
1694,HG02004,PEL,0,5
1695,HG02300,PEL,0,5
1696,HG00379,FIN,1,30
1697,HG02009,ACB,0,5
1698,HG02122,KHV,0,5
1699,HG00381,FIN,1,30
1700,HG02011,ACB,0,5
1701,HG02127,KHV,0,5
1702,HG00406,CHS,0,29
1703,HG02016,KHV,0,5
1704,HG02134,KHV,0,5
1705,HG00418,CHS,0,29
1706,HG02023,KHV,0,5
1707,HG02139,KHV,0,5
1708,HG00420,CHS,0,29
1709,HG02028,KHV,0,5
1710,HG02141,KHV,0,5
1711,HG00437,CHS,0,29
1712,HG02030,KHV,0,5
1713,HG02146,PEL,0,5
1714,HG00444,CHS,0,29
1715,HG02035,KHV,0,5
1716,HG02235,IBS,0,5
1717,HG00449,CHS,0,29
1718,HG02047,KHV,0,5
1719,HG00451,CHS,0,29
1720,HG02054,ACB,0,5
1721,HG02259,PEL,0,5
1722,HG00463,CHS,0,29
1723,HG02059,KHV,0,5
1724,HG02261,PEL,0,5
1725,HG00475,CHS,0,29
1726,HG02061,KHV,0,5
1727,HG02266,PEL,0,5
1728,HG00280,FIN,1,30
1729,HG02073,KHV,0,5
1730,HG02343,ACB,0,5
1731,HG00285,FIN,1,30
1732,HG02078,KHV,0,5
1733,HG02348,PEL,0,5
1734,HG00312,FIN,1,30
1735,HG02080,KHV,0,5
1736,HG02355,CDX,0,29
1737,HG00324,FIN,1,30
1738,HG02275,PEL,0,5
1739,HG02367,CDX,0,29
1740,HG00329,FIN,1,30
1741,HG02282,ACB,0,5
1742,HG02374,CDX,0,29
1743,HG00331,FIN,1,30
1744,HG02287,PEL,0,5
1745,HG02379,CDX,0,29
1746,HG00336,FIN,1,30
1747,HG02299,PEL,0,5
1748,HG02184,CDX,0,29
1749,HG00343,FIN,1,30
1750,HG02302,PEL,0,5
1751,HG02189,CDX,0,29
1752,HG00350,FIN,1,30
1753,HG02307,ACB,0,5
1754,HG02223,IBS,0,5
1755,HG00355,FIN,1,30
1756,HG02314,ACB,0,5
1757,HG02230,IBS,0,5
1758,HG00362,FIN,1,30
1759,HG02321,ACB,0,5
1760,HG02381,CDX,0,29
1761,HG00367,FIN,1,30
1762,HG02181,CDX,0,29
1763,HG02386,CDX,0,29
1764,HG00103,GBR,0,29
1765,HG02186,CDX,0,29
1766,HG02398,CDX,0,29
1767,HG00108,GBR,0,29
1768,HG02401,CDX,0,29
1769,HG00110,GBR,0,29
1770,HG02220,IBS,0,5
1771,HG02406,CDX,0,29
1772,HG00115,GBR,0,29
1773,HG02225,IBS,0,5
1774,HG02312,PEL,0,5
1775,HG00122,GBR,0,29
1776,HG02148,PEL,0,5
1777,HG02317,ACB,0,5
1778,HG00127,GBR,0,29
1779,HG02150,PEL,0,5
1780,HG02153,CDX,0,29
1781,HG02155,CDX,0,29
1782,HG02165,CDX,0,29
1783,HG02179,CDX,0,29
1784,HG02603,PJL,0,5
1785,HG02129,KHV,0,5
1786,HG02610,GWD,0,5
1787,HG02131,KHV,0,5
1788,HG02136,KHV,0,5
1789,HG02143,ACB,0,5
1790,HG02634,GWD,0,5
1791,HG02232,IBS,0,5
1792,HG02646,GWD,0,5
1793,HG02237,IBS,0,5
1794,HG00502,CHS,0,29
1795,HG02256,ACB,0,5
1796,HG02735,PJL,0,5
1797,HG00514,CHS,0,29
1798,HG02345,PEL,0,5
1799,HG02759,GWD,0,5
1800,HG00526,CHS,0,29
1801,HG02364,CDX,0,29
1802,HG00533,CHS,0,29
1803,HG02371,CDX,0,29
1804,HG00538,CHS,0,29
1805,HG02085,KHV,0,5
1806,HG02778,PJL,0,5
1807,HG00552,PUR,0,29
1808,HG02105,PEL,0,5
1809,HG02780,PJL,0,5
1810,HG00557,CHS,0,29
1811,HG02600,PJL,0,5
1812,HG02785,PJL,0,5
1813,HG00583,CHS,0,29
1814,HG02605,PJL,0,5
1815,HG02691,PJL,0,5
1816,HG00590,CHS,0,29
1817,HG02696,PJL,0,5
1818,HG00639,PUR,0,29
1819,HG02624,GWD,0,5
1820,HG00641,PUR,0,29
1821,HG02629,GWD,0,5
1822,HG02716,GWD,0,5
1823,HG00653,CHS,0,29
1824,HG00658,CHS,0,29
1825,HG02643,GWD,0,5
1826,HG02728,PJL,0,5
1827,HG00672,CHS,0,29
1828,HG02648,PJL,0,5
1829,HG02557,ACB,0,5
1830,HG00684,CHS,0,29
1831,HG00689,CHS,0,29
1832,HG02554,ACB,0,5
1833,HG02571,GWD,0,5
1834,HG00691,CHS,0,29
1835,HG02583,GWD,0,5
1836,HG00704,CHS,0,29
1837,HG02561,GWD,0,5
1838,HG02588,GWD,0,5
1839,HG00709,CHS,0,29
1840,HG02573,GWD,0,5
1841,HG00716,CHS,0,29
1842,HG02580,ACB,0,5
1843,HG02595,GWD,0,5
1844,HG01029,CDX,0,29
1845,HG02585,GWD,0,5
1846,HG02792,PJL,0,5
1847,HG01031,CDX,0,29
1848,HG02597,PJL,0,5
1849,HG01048,PUR,0,29
1850,HG02655,PJL,0,5
1851,HG02805,GWD,0,5
1852,HG01050,PUR,0,29
1853,HG02662,PJL,0,5
1854,HG01055,PUR,0,29
1855,HG02667,GWD,0,5
1856,HG02817,GWD,0,5
1857,HG01062,PUR,0,29
1858,HG02679,GWD,0,5
1859,HG02836,GWD,0,5
1860,HG01067,PUR,0,29
1861,HG02681,PJL,0,5
1862,HG02420,ACB,0,5
1863,HG01074,PUR,0,29
1864,HG02686,PJL,0,5
1865,HG02425,PEL,0,5
1866,HG01079,PUR,0,29
1867,HG02465,GWD,0,5
1868,HG02449,ACB,0,5
1869,HG01081,PUR,0,29
1870,HG02477,ACB,0,5
1871,HG02451,ACB,0,5
1872,HG01086,PUR,0,29
1873,HG02484,ACB,0,5
1874,HG00728,CHS,0,29
1875,HG02489,ACB,0,5
1876,HG02658,PJL,0,5
1877,HG02491,PJL,0,5
1878,HG02660,PJL,0,5
1879,HG00735,PUR,0,29
1880,HG02737,PJL,0,5
1881,HG00742,PUR,0,29
1882,HG02756,GWD,0,5
1883,HG02684,PJL,0,5
1884,HG00759,CDX,0,29
1885,HG02763,GWD,0,5
1886,HG02689,PJL,0,5
1887,HG00766,CDX,0,29
1888,HG02768,GWD,0,5
1889,HG02502,ACB,0,5
1890,HG00867,CDX,0,29
1891,HG02514,KHV,0,5
1892,HG00879,CDX,0,29
1893,HG02775,PJL,0,5
1894,HG02521,KHV,0,5
1895,HG00881,CDX,0,29
1896,HG02408,CDX,0,29
1897,HG00956,CDX,0,29
1898,HG02410,CDX,0,29
1899,HG02545,ACB,0,5
1900,HG00982,CDX,0,29
1901,HG02470,ACB,0,5
1902,HG02427,ACB,0,5
1903,HG02494,PJL,0,5
1904,HG02439,ACB,0,5
1905,HG02855,GWD,0,5
1906,HG01334,GBR,0,29
1907,HG02496,ACB,0,5
1908,HG01341,CLM,1,6
1909,HG02511,ACB,0,5
1910,HG02879,GWD,0,5
1911,HG01346,CLM,1,6
1912,HG02523,KHV,0,5
1913,HG02881,GWD,0,5
1914,HG01353,CLM,1,6
1915,HG01358,CLM,1,6
1916,HG02383,CDX,0,29
1917,HG02944,ESN,0,5
1918,HG01360,CLM,1,6
1919,HG02388,CDX,0,29
1920,HG02982,GWD,0,5
1921,HG01365,CLM,1,6
1922,HG02390,CDX,0,29
1923,HG03012,BEB,0,5
1924,HG01149,CLM,1,6
1925,HG02395,CDX,0,29
1926,HG01168,PUR,0,29
1927,HG02698,PJL,0,5
1928,HG03024,GWD,0,5
1929,HG01170,PUR,0,29
1930,HG01175,PUR,0,29
1931,HG02725,PJL,0,5
1932,HG03048,GWD,0,5
1933,HG01182,PUR,0,29
1934,HG01187,PUR,0,29
1935,HG03007,BEB,0,5
1936,HG03055,MSL,0,5
1937,HG01199,PUR,0,29
1938,HG03019,PJL,0,5
1939,HG01252,CLM,1,6
1940,HG03021,PJL,0,5
1941,HG03238,PJL,0,5
1942,HG00595,CHS,0,29
1943,HG03240,GWD,0,5
1944,HG00608,CHS,0,29
1945,HG03074,MSL,0,5
1946,HG00610,CHS,0,29
1947,HG03040,GWD,0,5
1948,HG03079,MSL,0,5
1949,HG00615,CHS,0,29
1950,HG03045,GWD,0,5
1951,HG03081,MSL,0,5
1952,HG00622,CHS,0,29
1953,HG02840,GWD,0,5
1954,HG03086,MSL,0,5
1955,HG00627,CHS,0,29
1956,HG02852,GWD,0,5
1957,HG00634,CHS,0,29
1958,HG01098,PUR,0,29
1959,HG03168,ESN,0,5
1960,HG01101,PUR,0,29
1961,HG01106,PUR,0,29
1962,HG02888,GWD,0,5
1963,HG03175,ESN,0,5
1964,HG01113,CLM,1,6
1965,HG02890,GWD,0,5
1966,HG01125,CLM,1,6
1967,HG02895,GWD,0,5
1968,HG03199,ESN,0,5
1969,HG01137,CLM,1,6
1970,HG02922,ESN,0,5
1971,HG03202,ESN,0,5
1972,HG01257,CLM,1,6
1973,HG01269,CLM,1,6
1974,HG02941,ESN,0,5
1975,HG03118,ESN,0,5
1976,HG01271,CLM,1,6
1977,HG02787,PJL,0,5
1978,HG03120,ESN,0,5
1979,HG01276,CLM,1,6
1980,HG01303,PUR,0,29
1981,HG02799,GWD,0,5
1982,HG03132,ESN,0,5
1983,HG01308,PUR,0,29
1984,HG02807,GWD,0,5
1985,HG01531,IBS,0,5
1986,HG02814,GWD,0,5
1987,HG03163,ESN,0,5
1988,HG01536,IBS,0,5
1989,HG02819,GWD,0,5
1990,HG02968,ESN,0,5
1991,HG01550,CLM,1,6
1992,HG02970,ESN,0,5
1993,HG01567,PEL,0,5
1994,HG01579,PEL,0,5
1995,HG03172,ESN,0,5
1996,HG03478,MSL,0,5
1997,HG01586,PJL,0,5
1998,HG03189,ESN,0,5
1999,HG01593,PJL,0,5
2000,HG03485,MSL,0,5
2001,HG01372,CLM,1,6
2002,HG03196,ESN,0,5
2003,HG03492,PJL,0,5
2004,HG01377,CLM,1,6
2005,HG03209,MSL,0,5
2006,HG03606,BEB,0,5
2007,HG01384,CLM,1,6
2008,HG03228,PJL,0,5
2009,HG01389,CLM,1,6
2010,HG02946,ESN,0,5
2011,HG01391,CLM,1,6
2012,HG02953,ESN,0,5
2013,HG03625,PJL,0,5
2014,HG01396,PUR,0,29
2015,HG02977,ESN,0,5
2016,HG03461,MSL,0,5
2017,HG01435,CLM,1,6
2018,HG03052,MSL,0,5
2019,HG01442,CLM,1,6
2020,HG03057,MSL,0,5
2021,HG03473,MSL,0,5
2022,HG01447,CLM,1,6
2023,HG03064,MSL,0,5
2024,HG03517,ESN,0,5
2025,HG03069,MSL,0,5
2026,HG03548,MSL,0,5
2027,HG01459,CLM,1,6
2028,HG03076,MSL,0,5
2029,HG03567,MSL,0,5
2030,HG01461,CLM,1,6
2031,HG03088,MSL,0,5
2032,HG01466,CLM,1,6
2033,HG03095,MSL,0,5
2034,HG01505,IBS,0,5
2035,HG03103,ESN,0,5
2036,HG03372,ESN,0,5
2037,HG01512,IBS,0,5
2038,HG03108,ESN,0,5
2039,HG01517,IBS,0,5
2040,HG03391,MSL,0,5
2041,HG01524,IBS,0,5
2042,HG03115,ESN,0,5
2043,HG01529,IBS,0,5
2044,HG03271,ESN,0,5
2045,HG03127,ESN,0,5
2046,HG03295,ESN,0,5
2047,HG03303,ESN,0,5
2048,HG01485,CLM,1,6
2049,HG03139,ESN,0,5
2050,HG01492,CLM,1,6
2051,HG03593,BEB,0,5
2052,HG01497,CLM,1,6
2053,HG03160,ESN,0,5
2054,HG03598,BEB,0,5
2055,HG01500,IBS,0,5
2056,HG03538,GWD,0,5
2057,HG01618,IBS,0,5
2058,HG03428,MSL,0,5
2059,HG01620,IBS,0,5
2060,HG03557,MSL,0,5
2061,HG03442,MSL,0,5
2062,HG01625,IBS,0,5
2063,HG01632,IBS,0,5
2064,HG01668,IBS,0,5
2065,HG03571,MSL,0,5
2066,HG01670,IBS,0,5
2067,HG01675,IBS,0,5
2068,HG01598,KHV,0,5
2069,HG03235,PJL,0,5
2070,HG03702,PJL,0,5
2071,HG01601,IBS,0,5
2072,HG01606,IBS,0,5
2073,HG03247,GWD,0,5
2074,HG03714,ITU,0,5
2075,HG01613,IBS,0,5
2076,HG03259,GWD,0,5
2077,HG01682,IBS,0,5
2078,HG01687,IBS,0,5
2079,HG03644,STU,0,5
2080,HG01694,IBS,0,5
2081,HG03499,ESN,0,5
2082,HG03649,PJL,0,5
2083,HG01699,IBS,0,5
2084,HG03514,ESN,0,5
2085,HG01702,IBS,0,5
2086,HG01707,IBS,0,5
2087,HG03521,ESN,0,5
2088,HG03663,PJL,0,5
2089,HG01757,IBS,0,5
2090,HG03583,MSL,0,5
2091,HG03668,PJL,0,5
2092,HG02003,PEL,0,5
2093,HG03595,BEB,0,5
2094,HG03788,ITU,0,5
2095,HG02008,PEL,0,5
2096,HG03603,BEB,0,5
2097,HG03790,ITU,0,5
2098,HG02010,ACB,0,5
2099,HG03615,BEB,0,5
2100,HG02015,KHV,0,5
2101,HG03803,BEB,0,5
2102,HG02027,KHV,0,5
2103,HG03757,STU,0,5
2104,HG01771,IBS,0,5
2105,HG03771,ITU,0,5
2106,HG01776,IBS,0,5
2107,HG03401,MSL,0,5
2108,HG01783,IBS,0,5
2109,HG03846,STU,0,5
2110,HG01790,GBR,0,29
2111,HG03343,ESN,0,5
2112,HG03858,STU,0,5
2113,HG01978,PEL,0,5
2114,HG03808,BEB,0,5
2115,HG01980,PEL,0,5
2116,HG03815,BEB,0,5
2117,HG01985,ACB,0,5
2118,HG03367,ESN,0,5
2119,HG03822,BEB,0,5
2120,HG01992,PEL,0,5
2121,HG03432,MSL,0,5
2122,HG01997,PEL,0,5
2123,HG03437,MSL,0,5
2124,HG03687,STU,0,5
2125,HG01889,ACB,0,5
2126,HG03449,MSL,0,5
2127,HG03694,STU,0,5
2128,HG01891,ACB,0,5
2129,HG03451,MSL,0,5
2130,HG03733,STU,0,5
2131,HG01896,ACB,0,5
2132,HG03280,ESN,0,5
2133,HG03738,STU,0,5
2134,HG01916,ACB,0,5
2135,HG03297,ESN,0,5
2136,HG03740,STU,0,5
2137,HG01923,PEL,0,5
2138,HG03300,ESN,0,5
2139,HG03745,STU,0,5
2140,HG01841,KHV,0,5
2141,HG03752,STU,0,5
2142,HG01846,KHV,0,5
2143,HG03872,ITU,0,5
2144,HG01853,KHV,0,5
2145,HG03884,STU,0,5
2146,HG01858,KHV,0,5
2147,HG03470,MSL,0,5
2148,HG01860,KHV,0,5
2149,HG03812,BEB,0,5
2150,HG04200,ITU,0,5
2151,HG01954,PEL,0,5
2152,HG03817,BEB,0,5
2153,HG04212,ITU,0,5
2154,HG01959,ACB,0,5
2155,HG03824,BEB,0,5
2156,HG01961,PEL,0,5
2157,HG03829,BEB,0,5
2158,HG03896,STU,0,5
2159,HG01973,PEL,0,5
2160,HG01928,PEL,0,5
2161,HG03836,STU,0,5
2162,HG01935,PEL,0,5
2163,HG03911,BEB,0,5
2164,HG01942,PEL,0,5
2165,HG03709,PJL,0,5
2166,HG03916,BEB,0,5
2167,HG01947,PEL,0,5
2168,HG03711,STU,0,5
2169,HG01865,KHV,0,5
2170,HG03716,ITU,0,5
2171,HG04003,STU,0,5
2172,HG01872,KHV,0,5
2173,HG04015,ITU,0,5
2174,HG01884,ACB,0,5
2175,HG03730,ITU,0,5
2176,HG04022,ITU,0,5
2177,HG01795,CDX,0,29
2178,HG03742,ITU,0,5
2179,HG04161,BEB,0,5
2180,HG01808,CDX,0,29
2181,HG03754,STU,0,5
2182,HG04173,BEB,0,5
2183,HG01810,CDX,0,29
2184,HG04180,BEB,0,5
2185,HG01815,CDX,0,29
2186,HG04185,BEB,0,5
2187,HG02084,KHV,0,5
2188,HG03773,ITU,0,5
2189,HG02089,PEL,0,5
2190,HG03778,ITU,0,5
2191,HG02091,PEL,0,5
2192,HG03780,ITU,0,5
2193,HG02104,PEL,0,5
2194,HG03785,ITU,0,5
2195,HG02111,ACB,0,5
2196,HG03792,ITU,0,5
2197,HG04159,BEB,0,5
2198,HG02116,KHV,0,5
2199,HG03928,BEB,0,5
2200,HG02274,PEL,0,5
2201,HG03800,BEB,0,5
2202,HG02279,PEL,0,5
2203,HG03805,BEB,0,5
2204,HG02281,ACB,0,5
2205,HG03646,STU,0,5
2206,HG04039,STU,0,5
2207,HG02286,PEL,0,5
2208,HG03653,PJL,0,5
2209,HG02293,PEL,0,5
2210,HG03660,PJL,0,5
2211,HG02298,PEL,0,5
2212,HG03672,STU,0,5
2213,HG04060,ITU,0,5
2214,HG02236,IBS,0,5
2215,HG03684,STU,0,5
2216,HG03947,STU,0,5
2217,HG02250,CDX,0,29
2218,HG03689,STU,0,5
2219,HG03973,ITU,0,5
2220,HG02255,ACB,0,5
2221,HG03691,STU,0,5
2222,HG03978,ITU,0,5
2223,HG02262,PEL,0,5
2224,HG03696,STU,0,5
2225,HG03985,STU,0,5
2226,HG03634,PJL,0,5
2227,HG04096,ITU,0,5
2228,HG02147,PEL,0,5
2229,HG02154,CDX,0,29
2230,NA18606,CHB,0,5
2231,HG02166,CDX,0,29
2232,HG03848,STU,0,5
2233,NA18613,CHB,0,5
2234,HG03850,STU,0,5
2235,NA18618,CHB,0,5
2236,HG02178,CDX,0,29
2237,HG03862,ITU,0,5
2238,NA18620,CHB,0,5
2239,HG02180,CDX,0,29
2240,HG03867,ITU,0,5
2241,NA18625,CHB,0,5
2242,HG02185,CDX,0,29
2243,NA18632,CHB,0,5
2244,NA18637,CHB,0,5
2245,HG02224,IBS,0,5
2246,NA18644,CHB,0,5
2247,HG02229,IBS,0,5
2248,HG04062,ITU,0,5
2249,NA18740,CHB,0,5
2250,HG02231,IBS,0,5
2251,NA18745,CHB,0,5
2252,HG02301,PEL,0,5
2253,HG04093,ITU,0,5
2254,NA18757,CHB,0,5
2255,HG02318,ACB,0,5
2256,HG04098,ITU,0,5
2257,NA18795,CHB,0,5
2258,HG02325,ACB,0,5
2259,HG04106,STU,0,5
2260,NA18853,YRI,0,5
2261,HG02332,ACB,0,5
2262,HG04118,ITU,0,5
2263,NA18858,YRI,0,5
2264,HG02337,ACB,0,5
2265,NA18860,YRI,0,5
2266,HG02046,KHV,0,5
2267,NA12766,CEU,0,5
2268,HG02053,ACB,0,5
2269,HG04182,BEB,0,5
2270,NA12778,CEU,0,5
2271,HG02058,KHV,0,5
2272,NA12812,CEU,0,5
2273,HG02060,KHV,0,5
2274,HG04194,BEB,0,5
2275,NA12817,CEU,0,5
2276,HG02128,KHV,0,5
2277,NA12829,CEU,0,5
2278,HG02130,KHV,0,5
2279,HG03925,BEB,0,5
2280,NA12843,CEU,0,5
2281,HG02135,KHV,0,5
2282,HG03937,BEB,0,5
2283,NA12874,CEU,0,5
2284,HG02142,KHV,0,5
2285,HG03944,STU,0,5
2286,NA18485,YRI,0,5
2287,HG02072,KHV,0,5
2288,HG03949,STU,0,5
2289,NA18497,YRI,0,5
2290,HG02077,KHV,0,5
2291,HG03999,STU,0,5
2292,NA18500,YRI,0,5
2293,HG02604,PJL,0,5
2294,HG04017,ITU,0,5
2295,NA18505,YRI,0,5
2296,HG02611,GWD,0,5
2297,NA18517,YRI,0,5
2298,HG02623,GWD,0,5
2299,HG04029,STU,0,5
2300,NA18531,CHB,0,5
2301,HG02628,GWD,0,5
2302,HG03874,ITU,0,5
2303,NA18536,CHB,0,5
2304,NA18543,CHB,0,5
2305,HG02635,GWD,0,5
2306,HG03886,STU,0,5
2307,NA18548,CHB,0,5
2308,HG02642,GWD,0,5
2309,HG03898,STU,0,5
2310,NA18550,CHB,0,5
2311,HG04144,BEB,0,5
2312,NA18555,CHB,0,5
2313,HG02654,PJL,0,5
2314,NA18562,CHB,0,5
2315,HG02659,PJL,0,5
2316,NA18567,CHB,0,5
2317,HG02661,PJL,0,5
2318,HG04156,BEB,0,5
2319,NA18574,CHB,0,5
2320,HG02666,GWD,0,5
2321,NA18579,CHB,0,5
2322,HG02678,GWD,0,5
2323,NA18593,CHB,0,5
2324,HG03913,BEB,0,5
2325,NA12273,CEU,0,5
2326,HG02685,PJL,0,5
2327,HG03920,BEB,0,5
2328,NA12329,CEU,0,5
2329,HG03951,STU,0,5
2330,NA12336,CEU,0,5
2331,HG02697,PJL,0,5
2332,HG03963,ITU,0,5
2333,NA12343,CEU,0,5
2334,HG02700,PJL,0,5
2335,HG03968,ITU,0,5
2336,NA12348,CEU,0,5
2337,NA12386,CEU,0,5
2338,HG02724,PJL,0,5
2339,NA18521,YRI,0,5
2340,NA12413,CEU,0,5
2341,HG02729,PJL,0,5
2342,NA18526,CHB,0,5
2343,NA12716,CEU,0,5
2344,HG02731,PJL,0,5
2345,NA18533,CHB,0,5
2346,NA12761,CEU,0,5
2347,HG02464,GWD,0,5
2348,NA18538,CHB,0,5
2349,NA18865,YRI,0,5
2350,HG02471,ACB,0,5
2351,NA18545,CHB,0,5
2352,NA18872,YRI,0,5
2353,HG02476,ACB,0,5
2354,NA18552,CHB,0,5
2355,NA18877,YRI,0,5
2356,HG02490,PJL,0,5
2357,NA18557,CHB,0,5
2358,NA18909,YRI,0,5
2359,NA18564,CHB,0,5
2360,NA18911,YRI,0,5
2361,HG02558,ACB,0,5
2362,NA18571,CHB,0,5
2363,NA18916,YRI,0,5
2364,NA18576,CHB,0,5
2365,NA18923,YRI,0,5
2366,HG02577,ACB,0,5
2367,NA18595,CHB,0,5
2368,NA18930,YRI,0,5
2369,NA18603,CHB,0,5
2370,NA18935,YRI,0,5
2371,HG02589,GWD,0,5
2372,NA18608,CHB,0,5
2373,NA18942,JPT,0,5
2374,NA18610,CHB,0,5
2375,NA18947,JPT,0,5
2376,NA18615,CHB,0,5
2377,NA18954,JPT,0,5
2378,HG02351,CDX,0,29
2379,NA18622,CHB,0,5
2380,NA18959,JPT,0,5
2381,HG02356,CDX,0,29
2382,NA18627,CHB,0,5
2383,NA18961,JPT,0,5
2384,HG02363,CDX,0,29
2385,NA10863,CEU,0,5
2386,NA18966,JPT,0,5
2387,HG02375,CDX,0,29
2388,NA11830,CEU,0,5
2389,NA18973,JPT,0,5
2390,HG02508,ACB,0,5
2391,NA11892,CEU,0,5
2392,NA18978,JPT,0,5
2393,HG02522,KHV,0,5
2394,NA11917,CEU,0,5
2395,NA18980,JPT,0,5
2396,HG02541,ACB,0,5
2397,NA11931,CEU,0,5
2398,NA18985,JPT,0,5
2399,HG02546,ACB,0,5
2400,NA11993,CEU,0,5
2401,NA18992,JPT,0,5
2402,HG02382,CDX,0,29
2403,NA12004,CEU,0,5
2404,NA18997,JPT,0,5
2405,HG02387,CDX,0,29
2406,NA12155,CEU,0,5
2407,NA19003,JPT,0,5
2408,HG02394,CDX,0,29
2409,NA12249,CEU,0,5
2410,NA19010,JPT,0,5
2411,HG02399,CDX,0,29
2412,NA12275,CEU,0,5
2413,HG04229,STU,0,5
2414,HG02402,CDX,0,29
2415,NA12282,CEU,0,5
2416,HG02407,CDX,0,29
2417,NA12287,CEU,0,5
2418,NA06985,CEU,0,5
2419,HG02419,ACB,0,5
2420,NA12340,CEU,0,5
2421,NA06997,CEU,0,5
2422,HG02433,ACB,0,5
2423,NA12376,CEU,0,5
2424,NA07022,CEU,0,5
2425,HG02445,ACB,0,5
2426,NA12383,CEU,0,5
2427,NA07034,CEU,0,5
2428,HG02786,PJL,0,5
2429,NA12489,CEU,0,5
2430,NA10859,CEU,0,5
2431,HG02793,PJL,0,5
2432,NA12718,CEU,0,5
2433,NA10861,CEU,0,5
2434,HG02798,GWD,0,5
2435,NA12749,CEU,0,5
2436,NA11840,CEU,0,5
2437,NA12751,CEU,0,5
2438,NA12045,CEU,0,5
2439,HG02813,GWD,0,5
2440,NA12763,CEU,0,5
2441,NA12057,CEU,0,5
2442,NA12775,CEU,0,5
2443,NA12146,CEU,0,5
2444,HG02820,GWD,0,5
2445,NA12802,CEU,0,5
2446,NA07349,CEU,0,5
2447,HG02837,GWD,0,5
2448,NA12814,CEU,0,5
2449,NA10830,CEU,0,5
2450,HG02851,GWD,0,5
2451,NA10835,CEU,0,5
2452,HG02983,GWD,0,5
2453,NA06994,CEU,0,5
2454,NA10842,CEU,0,5
2455,HG03006,BEB,0,5
2456,NA07000,CEU,0,5
2457,NA10847,CEU,0,5
2458,HG03018,PJL,0,5
2459,NA07029,CEU,0,5
2460,NA10854,CEU,0,5
2461,HG03025,GWD,0,5
2462,NA07031,CEU,0,5
2463,NA19027,LWK,0,5
2464,NA07048,CEU,0,5
2465,NA19041,LWK,0,5
2466,HG02870,GWD,0,5
2467,NA07055,CEU,0,5
2468,NA19046,LWK,0,5
2469,HG02882,GWD,0,5
2470,NA07346,CEU,0,5
2471,NA19058,JPT,0,5
2472,HG02887,GWD,0,5
2473,NA07435,CEU,0,5
2474,NA19060,JPT,0,5
2475,HG02938,ESN,0,5
2476,NA12864,CEU,0,5
2477,NA19065,JPT,0,5
2478,NA12890,CEU,0,5
2479,NA19072,JPT,0,5
2480,HG02736,PJL,0,5
2481,NA18487,YRI,0,5
2482,NA19077,JPT,0,5
2483,NA18499,YRI,0,5
2484,NA19084,JPT,0,5
2485,HG02774,PJL,0,5
2486,NA18502,YRI,0,5
2487,NA19089,JPT,0,5
2488,NA18507,YRI,0,5
2489,NA19091,JPT,0,5
2490,NA18519,YRI,0,5
2491,NA19705,ASW,0,5
2492,HG03049,GWD,0,5
2493,NA18634,CHB,0,5
2494,NA19712,ASW,0,5
2495,NA18639,CHB,0,5
2496,NA19717,MXL,0,5
2497,HG03063,MSL,0,5
2498,NA18641,CHB,0,5
2499,NA19724,MXL,0,5
2500,NA18646,CHB,0,5
2501,NA19729,MXL,0,5
2502,HG03114,ESN,0,5
2503,NA18747,CHB,0,5
2504,NA19731,MXL,0,5
2505,NA18855,YRI,0,5
2506,NA19748,MXL,0,5
2507,HG03121,ESN,0,5
2508,NA18862,YRI,0,5
2509,NA19750,MXL,0,5
2510,HG03126,ESN,0,5
2511,NA18867,YRI,0,5
2512,NA19755,MXL,0,5
2513,HG02952,ESN,0,5
2514,NA18874,YRI,0,5
2515,NA19762,MXL,0,5
2516,NA18879,YRI,0,5
2517,NA19147,YRI,0,5
2518,NA18881,YRI,0,5
2519,NA19154,YRI,0,5
2520,HG02971,ESN,0,5
2521,NA18906,YRI,0,5
2522,NA19159,YRI,0,5
2523,HG02976,ESN,0,5
2524,NA18913,YRI,0,5
2525,NA19161,YRI,0,5
2526,HG03133,ESN,0,5
2527,NA18925,YRI,0,5
2528,NA19166,YRI,0,5
2529,NA18944,JPT,0,5
2530,NA19173,YRI,0,5
2531,HG03157,ESN,0,5
2532,NA18949,JPT,0,5
2533,NA19185,YRI,0,5
2534,NA18951,JPT,0,5
2535,NA19197,YRI,0,5
2536,HG03082,MSL,0,5
2537,NA18956,JPT,0,5
2538,NA19200,YRI,0,5
2539,HG03099,ESN,0,5
2540,NA18963,JPT,0,5
2541,NA19205,YRI,0,5
2542,HG03234,PJL,0,5
2543,NA10837,CEU,0,5
2544,NA19471,LWK,0,5
2545,HG03239,PJL,0,5
2546,NA10851,CEU,0,5
2547,NA19654,MXL,0,5
2548,HG03241,GWD,0,5
2549,NA10856,CEU,0,5
2550,NA19659,MXL,0,5
2551,HG03246,GWD,0,5
2552,HG04202,ITU,0,5
2553,NA19661,MXL,0,5
2554,HG03258,GWD,0,5
2555,HG04214,ITU,0,5
2556,NA19678,MXL,0,5
2557,HG04219,ITU,0,5
2558,NA19680,MXL,0,5
2559,HG03265,ESN,0,5
2560,HG04238,ITU,0,5
2561,NA19685,MXL,0,5
2562,HG03518,ESN,0,5
2563,NA19199,YRI,0,5
2564,NA19700,ASW,0,5
2565,HG03520,ESN,0,5
2566,NA19202,YRI,0,5
2567,NA19375,LWK,0,5
2568,NA19207,YRI,0,5
2569,NA19382,LWK,0,5
2570,HG03556,MSL,0,5
2571,NA19214,YRI,0,5
2572,NA19394,LWK,0,5
2573,HG03563,MSL,0,5
2574,NA19221,YRI,0,5
2575,NA19399,LWK,0,5
2576,NA19226,YRI,0,5
2577,NA19438,LWK,0,5
2578,HG03479,MSL,0,5
2579,NA19238,YRI,0,5
2580,NA19440,LWK,0,5
2581,HG03486,MSL,0,5
2582,NA19240,YRI,0,5
2583,NA19445,LWK,0,5
2584,NA19252,YRI,0,5
2585,NA19452,LWK,0,5
2586,NA19257,YRI,0,5
2587,NA19457,LWK,0,5
2588,HG03366,ESN,0,5
2589,NA19308,LWK,0,5
2590,NA19469,LWK,0,5
2591,NA19310,LWK,0,5
2592,NA19224,YRI,0,5
2593,HG03378,MSL,0,5
2594,NA19031,LWK,0,5
2595,NA19236,YRI,0,5
2596,HG03380,MSL,0,5
2597,NA19036,LWK,0,5
2598,NA19248,YRI,0,5
2599,HG03385,MSL,0,5
2600,NA19043,LWK,0,5
2601,NA19313,LWK,0,5
2602,HG03169,ESN,0,5
2603,NA19055,JPT,0,5
2604,NA19318,LWK,0,5
2605,HG03171,ESN,0,5
2606,NA19062,JPT,0,5
2607,NA19320,LWK,0,5
2608,NA19067,JPT,0,5
2609,NA19332,LWK,0,5
2610,HG03190,ESN,0,5
2611,NA19074,JPT,0,5
2612,NA19351,LWK,0,5
2613,HG03195,ESN,0,5
2614,NA19079,JPT,0,5
2615,NA19914,ASW,0,5
2616,NA19081,JPT,0,5
2617,NA19919,ASW,0,5
2618,NA19086,JPT,0,5
2619,NA19921,ASW,0,5
2620,HG03311,ESN,0,5
2621,NA19093,YRI,0,5
2622,NA19983,ASW,0,5
2623,HG03342,ESN,0,5
2624,NA19098,YRI,0,5
2625,NA20276,ASW,0,5
2626,HG03354,ESN,0,5
2627,NA19101,YRI,0,5
2628,NA20288,ASW,0,5
2629,NA19315,LWK,0,5
2630,NA20290,ASW,0,5
2631,NA19327,LWK,0,5
2632,NA20295,ASW,0,5
2633,HG03291,ESN,0,5
2634,NA19334,LWK,0,5
2635,NA19096,YRI,0,5
2636,NA19346,LWK,0,5
2637,NA19104,YRI,0,5
2638,HG03304,ESN,0,5
2639,NA19360,LWK,0,5
2640,NA19109,YRI,0,5
2641,HG03397,MSL,0,5
2642,NA19372,LWK,0,5
2643,NA19116,YRI,0,5
2644,NA19377,LWK,0,5
2645,NA19123,YRI,0,5
2646,HG03436,MSL,0,5
2647,NA19384,LWK,0,5
2648,NA19128,YRI,0,5
2649,NA19391,LWK,0,5
2650,NA19130,YRI,0,5
2651,HG03455,MSL,0,5
2652,NA19396,LWK,0,5
2653,NA19142,YRI,0,5
2654,NA19404,LWK,0,5
2655,NA19774,MXL,0,5
2656,HG03607,BEB,0,5
2657,NA19428,LWK,0,5
2658,NA19779,MXL,0,5
2659,HG03619,PJL,0,5
2660,NA19430,LWK,0,5
2661,NA19781,MXL,0,5
2662,NA19435,LWK,0,5
2663,NA19786,MXL,0,5
2664,NA19454,LWK,0,5
2665,HG03633,PJL,0,5
2666,NA19461,LWK,0,5
2667,NA19818,ASW,0,5
2668,NA19466,LWK,0,5
2669,NA19902,ASW,0,5
2670,HG03575,MSL,0,5
2671,NA19473,LWK,0,5
2672,NA20358,ASW,0,5
2673,HG03582,MSL,0,5
2674,NA19625,ASW,0,5
2675,NA20360,ASW,0,5
2676,NA19649,MXL,0,5
2677,NA20505,TSI,0,5
2678,HG03594,BEB,0,5
2679,NA19651,MXL,0,5
2680,NA20512,TSI,0,5
2681,NA19656,MXL,0,5
2682,NA20517,TSI,0,5
2683,NA19663,MXL,0,5
2684,NA20524,TSI,0,5
2685,NA19670,MXL,0,5
2686,NA20529,TSI,0,5
2687,NA19675,MXL,0,5
2688,NA20531,TSI,0,5
2689,HG03690,STU,0,5
2690,NA18968,JPT,0,5
2691,NA20536,TSI,0,5
2692,HG03695,STU,0,5
2693,NA18970,JPT,0,5
2694,NA20543,TSI,0,5
2695,HG03640,PJL,0,5
2696,NA18975,JPT,0,5
2697,NA20581,TSI,0,5
2698,HG03645,STU,0,5
2699,NA18982,JPT,0,5
2700,NA20586,TSI,0,5
2701,HG03652,PJL,0,5
2702,NA18987,JPT,0,5
2703,NA20752,TSI,0,5
2704,NA18994,JPT,0,5
2705,NA20757,TSI,0,5
2706,NA18999,JPT,0,5
2707,NA20764,TSI,0,5
2708,HG03722,ITU,0,5
2709,NA19000,JPT,0,5
2710,NA20769,TSI,0,5
2711,HG03727,ITU,0,5
2712,NA19005,JPT,0,5
2713,NA20771,TSI,0,5
2714,HG03741,STU,0,5
2715,NA19012,JPT,0,5
2716,NA20783,TSI,0,5
2717,HG03746,STU,0,5
2718,NA19017,LWK,0,5
2719,NA20790,TSI,0,5
2720,HG03753,STU,0,5
2721,NA19024,LWK,0,5
2722,NA20795,TSI,0,5
2723,HG03703,PJL,0,5
2724,NA19682,MXL,0,5
2725,NA20803,TSI,0,5
2726,HG03708,PJL,0,5
2727,NA19702,ASW,0,5
2728,NA20808,TSI,0,5
2729,NA19707,ASW,0,5
2730,NA20810,TSI,0,5
2731,HG03715,ITU,0,5
2732,NA19714,ASW,0,5
2733,NA20815,TSI,0,5
2734,HG03760,STU,0,5
2735,NA19719,MXL,0,5
2736,NA20822,TSI,0,5
2737,HG03765,PJL,0,5
2738,NA19721,MXL,0,5
2739,NA21135,GIH,0,5
2740,HG03772,ITU,0,5
2741,NA19726,MXL,0,5
2742,NA21142,GIH,0,5
2743,HG03777,ITU,0,5
2744,NA19733,MXL,0,5
2745,HG03809,BEB,0,5
2746,NA19738,MXL,0,5
2747,NA19740,MXL,0,5
2748,NA20322,ASW,0,5
2749,NA19113,YRI,0,5
2750,NA20334,ASW,0,5
2751,HG03823,BEB,0,5
2752,NA19118,YRI,0,5
2753,NA20339,ASW,0,5
2754,HG03830,BEB,0,5
2755,NA19120,YRI,0,5
2756,NA20341,ASW,0,5
2757,HG03784,ITU,0,5
2758,NA19132,YRI,0,5
2759,NA20346,ASW,0,5
2760,HG03789,ITU,0,5
2761,NA19137,YRI,0,5
2762,NA20891,GIH,0,5
2763,HG03796,BEB,0,5
2764,NA19144,YRI,0,5
2765,NA20896,GIH,0,5
2766,NA19149,YRI,0,5
2767,NA20904,GIH,0,5
2768,HG03948,STU,0,5
2769,NA19151,YRI,0,5
2770,NA20909,GIH,0,5
2771,HG03950,STU,0,5
2772,NA19175,YRI,0,5
2773,NA20911,GIH,0,5
2774,HG03955,STU,0,5
2775,NA19752,MXL,0,5
2776,NA21109,GIH,0,5
2777,HG03967,ITU,0,5
2778,NA19757,MXL,0,5
2779,NA21111,GIH,0,5
2780,HG03974,ITU,0,5
2781,NA19764,MXL,0,5
2782,NA21116,GIH,0,5
2783,NA19771,MXL,0,5
2784,NA21123,GIH,0,5
2785,NA19776,MXL,0,5
2786,NA21128,GIH,0,5
2787,NA19783,MXL,0,5
2788,NA21130,GIH,0,5
2789,HG03854,STU,0,5
2790,NA19788,MXL,0,5
2791,NA20827,TSI,0,5
2792,HG03861,ITU,0,5
2793,NA19790,MXL,0,5
2794,NA20846,GIH,0,5
2795,NA19795,MXL,0,5
2796,NA20853,GIH,0,5
2797,NA19834,ASW,0,5
2798,NA20858,GIH,0,5
2799,HG03931,BEB,0,5
2800,NA19904,ASW,0,5
2801,NA20872,GIH,0,5
2802,HG03943,STU,0,5
2803,NA19909,ASW,0,5
2804,NA20877,GIH,0,5
2805,HG03897,STU,0,5
2806,NA19916,ASW,0,5
2807,NA20884,GIH,0,5
2808,HG03900,STU,0,5
2809,NA19923,ASW,0,5
2810,NA20889,GIH,0,5
2811,HG03905,BEB,0,5
2812,NA19985,ASW,0,5
2813,NA21089,GIH,0,5
2814,HG03917,BEB,0,5
2815,NA20127,ASW,0,5
2816,NA21091,GIH,0,5
2817,HG04035,STU,0,5
2818,NA20278,ASW,0,5
2819,NA21104,GIH,0,5
2820,HG04042,STU,0,5
2821,NA20526,TSI,0,5
2822,HG04047,STU,0,5
2823,NA20533,TSI,0,5
2824,HG04054,ITU,0,5
2825,NA20538,TSI,0,5
2826,HG04059,ITU,0,5
2827,NA20540,TSI,0,5
2828,HG04061,ITU,0,5
2829,NA20588,TSI,0,5
2830,HG04080,ITU,0,5
2831,NA20754,TSI,0,5
2832,HG04100,STU,0,5
2833,NA20759,TSI,0,5
2834,HG04131,BEB,0,5
2835,NA20761,TSI,0,5
2836,NA20766,TSI,0,5
2837,NA20773,TSI,0,5
2838,NA20778,TSI,0,5
2839,HG04155,BEB,0,5
2840,NA20785,TSI,0,5
2841,HG03866,ITU,0,5
2842,NA20343,ASW,0,5
2843,HG03873,ITU,0,5
2844,NA20348,ASW,0,5
2845,HG03885,STU,0,5
2846,NA20350,ASW,0,5
2847,HG03986,STU,0,5
2848,NA20355,ASW,0,5
2849,HG03998,STU,0,5
2850,NA20362,ASW,0,5
2851,HG04023,ITU,0,5
2852,NA20413,ASW,0,5
2853,NA18599,CHB,0,5
2854,NA20502,TSI,0,5
2855,NA18602,CHB,0,5
2856,NA20507,TSI,0,5
2857,NA18614,CHB,0,5
2858,NA20514,TSI,0,5
2859,NA18619,CHB,0,5
2860,NA20519,TSI,0,5
2861,NA18621,CHB,0,5
2862,NA20521,TSI,0,5
2863,NA18626,CHB,0,5
2864,NA20792,TSI,0,5
2865,NA18633,CHB,0,5
2866,NA20797,TSI,0,5
2867,NA18638,CHB,0,5
2868,NA20800,TSI,0,5
2869,NA18640,CHB,0,5
2870,NA20805,TSI,0,5
2871,NA18645,CHB,0,5
2872,NA20812,TSI,0,5
2873,NA18791,CHB,0,5
2874,NA20829,TSI,0,5
2875,NA18854,YRI,0,5
2876,NA20831,TSI,0,5
2877,NA18859,YRI,0,5
2878,NA20850,GIH,0,5
2879,NA18861,YRI,0,5
2880,NA21125,GIH,0,5
2881,NA12248,CEU,0,5
2882,NA21137,GIH,0,5
2883,NA12274,CEU,0,5
2884,NA21144,GIH,0,5
2885,NA12286,CEU,0,5
2886,NA12344,CEU,0,5
2887,NA12375,CEU,0,5
2888,NA20285,ASW,0,5
2889,NA12399,CEU,0,5
2890,NA20292,ASW,0,5
2891,NA12414,CEU,0,5
2892,NA20297,ASW,0,5
2893,NA12546,CEU,0,5
2894,NA20300,ASW,0,5
2895,NA12717,CEU,0,5
2896,NA20312,ASW,0,5
2897,NA12748,CEU,0,5
2898,NA20317,ASW,0,5
2899,NA12750,CEU,0,5
2900,NA20336,ASW,0,5
2901,NA12762,CEU,0,5
2902,NA20862,GIH,0,5
2903,NA18506,YRI,0,5
2904,NA20867,GIH,0,5
2905,NA18518,YRI,0,5
2906,NA20874,GIH,0,5
2907,NA18520,YRI,0,5
2908,NA20879,GIH,0,5
2909,NA18525,CHB,0,5
2910,NA20881,GIH,0,5
2911,NA18532,CHB,0,5
2912,NA20886,GIH,0,5
2913,NA18537,CHB,0,5
2914,NA20893,GIH,0,5
2915,NA18544,CHB,0,5
2916,NA20898,GIH,0,5
2917,NA18549,CHB,0,5
2918,NA20901,GIH,0,5
2919,NA18563,CHB,0,5
2920,NA20906,GIH,0,5
2921,NA18570,CHB,0,5
2922,NA21086,GIH,0,5
2923,NA18582,CHB,0,5
2924,NA21093,GIH,0,5
2925,NA12767,CEU,0,5
2926,NA21098,GIH,0,5
2927,NA12801,CEU,0,5
2928,NA21101,GIH,0,5
2929,NA12813,CEU,0,5
2930,NA21106,GIH,0,5
2931,NA12818,CEU,0,5
2932,NA21113,GIH,0,5
2933,NA12832,CEU,0,5
2934,NA21118,GIH,0,5
2935,NA12875,CEU,0,5
2936,NA21120,GIH,0,5
2937,NA18486,YRI,0,5
2938,NA18498,YRI,0,5
2939,NA18501,YRI,0,5
2940,NA10855,CEU,0,5
2941,NA11839,CEU,0,5
2942,NA11891,CEU,0,5
2943,NA11930,CEU,0,5
2944,NA11992,CEU,0,5
2945,NA12003,CEU,0,5
2946,NA12046,CEU,0,5
2947,NA12058,CEU,0,5
2948,NA12154,CEU,0,5
2949,NA07345,CEU,0,5
2950,NA07357,CEU,0,5
2951,NA10831,CEU,0,5
2952,NA10836,CEU,0,5
2953,NA10843,CEU,0,5
2954,NA10850,CEU,0,5
2955,NA06986,CEU,0,5
2956,NA06993,CEU,0,5
2957,NA07340,CEU,0,5
2958,HG04162,BEB,0,5
2959,HG04186,BEB,0,5
2960,HG04198,ITU,0,5
2961,HG04206,ITU,0,5
2962,HG04225,ITU,0,5
2963,NA19023,LWK,0,5
2964,NA19028,LWK,0,5
2965,NA19030,LWK,0,5
2966,NA19035,LWK,0,5
2967,NA19042,LWK,0,5
2968,NA19054,JPT,0,5
2969,NA19059,JPT,0,5
2970,NA19066,JPT,0,5
2971,NA19078,JPT,0,5
2972,NA19080,JPT,0,5
2973,NA19085,JPT,0,5
2974,NA19092,YRI,0,5
2975,NA19472,LWK,0,5
2976,NA19648,MXL,0,5
2977,NA19650,MXL,0,5
2978,NA19655,MXL,0,5
2979,NA19662,MXL,0,5
2980,NA19674,MXL,0,5
2981,NA19679,MXL,0,5
2982,NA19681,MXL,0,5
2983,NA19686,MXL,0,5
2984,NA19701,ASW,0,5
2985,NA19352,LWK,0,5
2986,NA19371,LWK,0,5
2987,NA19376,LWK,0,5
2988,NA19383,LWK,0,5
2989,NA19390,LWK,0,5
2990,NA19395,LWK,0,5
2991,NA19403,LWK,0,5
2992,NA19434,LWK,0,5
2993,NA19439,LWK,0,5
2994,NA19446,LWK,0,5
2995,NA19453,LWK,0,5
2996,NA18948,JPT,0,5
2997,NA18950,JPT,0,5
2998,NA18955,JPT,0,5
2999,NA18962,JPT,0,5
3000,NA18967,JPT,0,5
3001,NA18974,JPT,0,5
3002,NA18979,JPT,0,5
3003,NA18981,JPT,0,5
3004,NA18986,JPT,0,5
3005,NA18993,JPT,0,5
3006,NA18998,JPT,0,5
3007,NA19004,JPT,0,5
3008,NA19009,JPT,0,5
3009,NA19011,JPT,0,5
3010,NA19213,YRI,0,5
3011,NA19225,YRI,0,5
3012,NA19237,YRI,0,5
3013,NA19249,YRI,0,5
3014,NA19256,YRI,0,5
3015,NA19307,LWK,0,5
3016,NA19314,LWK,0,5
3017,NA19319,LWK,0,5
3018,NA19321,LWK,0,5
3019,NA19338,LWK,0,5
3020,NA19713,ASW,0,5
3021,NA19718,MXL,0,5
3022,NA19720,MXL,0,5
3023,NA19725,MXL,0,5
3024,NA19732,MXL,0,5
3025,NA19737,MXL,0,5
3026,NA19749,MXL,0,5
3027,NA19751,MXL,0,5
3028,NA19756,MXL,0,5
3029,NA19143,YRI,0,5
3030,NA19148,YRI,0,5
3031,NA19150,YRI,0,5
3032,NA19174,YRI,0,5
3033,NA19186,YRI,0,5
3034,NA19198,YRI,0,5
3035,NA19201,YRI,0,5
3036,NA19206,YRI,0,5
3037,NA18873,YRI,0,5
3038,NA18878,YRI,0,5
3039,NA18912,YRI,0,5
3040,NA18917,YRI,0,5
3041,NA18924,YRI,0,5
3042,NA18943,JPT,0,5
3043,NA19097,YRI,0,5
3044,NA19100,YRI,0,5
3045,NA19105,YRI,0,5
3046,NA19117,YRI,0,5
3047,NA19129,YRI,0,5
3048,NA19131,YRI,0,5
3049,NA20359,ASW,0,5
3050,NA20361,ASW,0,5
3051,NA20412,ASW,0,5
3052,NA20506,TSI,0,5
3053,NA20513,TSI,0,5
3054,NA20518,TSI,0,5
3055,NA20520,TSI,0,5
3056,NA20525,TSI,0,5
3057,NA20532,TSI,0,5
3058,NA20537,TSI,0,5
3059,NA20544,TSI,0,5
3060,NA20582,TSI,0,5
3061,NA20587,TSI,0,5
3062,NA20753,TSI,0,5
3063,NA20758,TSI,0,5
3064,NA20760,TSI,0,5
3065,NA20765,TSI,0,5
3066,NA20772,TSI,0,5
3067,NA20796,TSI,0,5
3068,NA20804,TSI,0,5
3069,NA20809,TSI,0,5
3070,NA20811,TSI,0,5
3071,NA20816,TSI,0,5
3072,NA19763,MXL,0,5
3073,NA19770,MXL,0,5
3074,NA19775,MXL,0,5
3075,NA19782,MXL,0,5
3076,NA19787,MXL,0,5
3077,NA19794,MXL,0,5
3078,NA19819,ASW,0,5
3079,NA19908,ASW,0,5
3080,NA19915,ASW,0,5
3081,NA19922,ASW,0,5
3082,NA19984,ASW,0,5
3083,NA20126,ASW,0,5
3084,NA20277,ASW,0,5
3085,NA20284,ASW,0,5
3086,NA20289,ASW,0,5
3087,NA20291,ASW,0,5
3088,NA20296,ASW,0,5
3089,NA20828,TSI,0,5
3090,NA20847,GIH,0,5
3091,NA20854,GIH,0,5
3092,NA20859,GIH,0,5
3093,NA20861,GIH,0,5
3094,NA20866,GIH,0,5
3095,NA20316,ASW,0,5
3096,NA20335,ASW,0,5
3097,NA20342,ASW,0,5
3098,NA20347,ASW,0,5
3099,NA20892,GIH,0,5
3100,NA20897,GIH,0,5
3101,NA20900,GIH,0,5
3102,NA20905,GIH,0,5
3103,NA21092,GIH,0,5
3104,NA21097,GIH,0,5
3105,NA21100,GIH,0,5
3106,NA21105,GIH,0,5
3107,NA20873,GIH,0,5
3108,NA20878,GIH,0,5
3109,NA20885,GIH,0,5
3110,NA21143,GIH,0,5
3111,NA21112,GIH,0,5
3112,NA21117,GIH,0,5
3113,NA21124,GIH,0,5
3114,NA21129,GIH,0,5
