,No.,angel,request,response
0,r0a0n100,0,0,0.58194
1,r0a0n110,0,0,0.58662
2,r0a0n120,0,0,0.58408
3,r0a0n130,0,0,0.5357799999999999
4,r0a0n140,0,0,0.5712200000000001
5,r0a0n150,0,0,0.59833
6,r0a0n160,0,0,0.53313
7,r0a0n170,0,0,0.5989
8,r0a0n180,0,0,0.54579
9,r0a0n190,0,0,0.59161
10,r0a0n200,0,0,0.5294500000000001
11,r0a0n210,0,0,0.53011
12,r0a0n220,0,0,0.57243
13,r0a0n230,0,0,0.5997899999999999
14,r0a0n240,0,0,0.59234
15,r0a0n250,0,0,0.61305
16,r0a0n260,0,0,0.53398
17,r0a0n270,0,0,0.5618500000000001
18,r0a0n280,0,0,0.58416
19,r0a0n290,0,0,0.60235
20,r0a1n100,1,0,0.56565
21,r0a1n110,1,0,0.51907
22,r0a1n120,1,0,0.5228400000000001
23,r0a1n130,1,0,0.58316
24,r0a1n140,1,0,0.56122
25,r0a1n150,1,0,0.56933
26,r0a1n160,1,0,0.58374
27,r0a1n170,1,0,0.54713
28,r0a1n180,1,0,0.51928
29,r0a1n190,1,0,0.53838
30,r0a1n200,1,0,0.6063099999999999
31,r0a1n210,1,0,0.57113
32,r0a1n220,1,0,0.5487799999999999
33,r0a1n230,1,0,0.5837100000000001
34,r0a1n240,1,0,0.5708099999999999
35,r0a1n250,1,0,0.54747
36,r0a1n260,1,0,0.5515599999999999
37,r0a1n270,1,0,0.59303
38,r0a1n280,1,0,0.5471
39,r0a1n290,1,0,0.53032
40,r0a2n100,2,0,0.57314
41,r0a2n110,2,0,0.58975
42,r0a2n120,2,0,0.58749
43,r0a2n130,2,0,0.53149
44,r0a2n140,2,0,0.5810599999999999
45,r0a2n150,2,0,0.54544
46,r0a2n160,2,0,0.5675800000000001
47,r0a2n170,2,0,0.60023
48,r0a2n180,2,0,0.56877
49,r0a2n190,2,0,0.56575
50,r0a2n200,2,0,0.52455
51,r0a2n210,2,0,0.5297000000000001
52,r0a2n220,2,0,0.60212
53,r0a2n230,2,0,0.52276
54,r0a2n240,2,0,0.52388
55,r0a2n250,2,0,0.5668
56,r0a2n260,2,0,0.57748
57,r0a2n270,2,0,0.58921
58,r0a2n280,2,0,0.5325
59,r0a2n290,2,0,0.56029
60,r0a3n100,3,0,0.54404
61,r0a3n110,3,0,0.55821
62,r0a3n120,3,0,0.52804
63,r0a3n130,3,0,0.61537
64,r0a3n140,3,0,0.5379700000000001
65,r0a3n150,3,0,0.58377
66,r0a3n160,3,0,0.5488999999999999
67,r0a3n170,3,0,0.52852
68,r0a3n180,3,0,0.5629400000000001
69,r0a3n190,3,0,0.6022000000000001
70,r0a3n200,3,0,0.52766
71,r0a3n210,3,0,0.60109
72,r0a3n220,3,0,0.60175
73,r0a3n230,3,0,0.56737
74,r0a3n240,3,0,0.561
75,r0a3n250,3,0,0.5201699999999999
76,r0a3n260,3,0,0.6165499999999999
77,r0a3n270,3,0,0.54713
78,r0a3n280,3,0,0.52518
79,r0a3n290,3,0,0.55668
80,r0a4n100,4,0,0.58688
81,r0a4n110,4,0,0.52679
82,r0a4n120,4,0,0.6040800000000001
83,r0a4n130,4,0,0.5519299999999999
84,r0a4n140,4,0,0.58066
85,r0a4n150,4,0,0.51963
86,r0a4n160,4,0,0.56724
87,r0a4n170,4,0,0.5467000000000001
88,r0a4n180,4,0,0.55241
89,r0a4n190,4,0,0.54775
90,r0a4n200,4,0,0.52101
91,r0a4n210,4,0,0.53555
92,r0a4n220,4,0,0.53398
93,r0a4n230,4,0,0.52428
94,r0a4n240,4,0,0.55441
95,r0a4n250,4,0,0.5261399999999999
96,r0a4n260,4,0,0.56471
97,r0a4n270,4,0,0.56744
98,r0a4n280,4,0,0.60176
99,r0a4n290,4,0,0.56638
100,r0a5n100,5,1,0.5931000000000001
101,r0a5n110,5,1,0.6132799999999999
102,r0a5n120,5,1,0.5894199999999999
103,r0a5n130,5,1,0.58274
104,r0a5n140,5,1,0.55989
105,r0a5n150,5,1,0.52511
106,r0a5n160,5,1,0.61199
107,r0a5n170,5,1,0.54748
108,r0a5n180,5,1,0.5223
109,r0a5n190,5,1,0.60949
110,r0a5n200,5,1,0.60017
111,r0a5n210,5,1,0.53862
112,r0a5n220,5,1,0.60887
113,r0a5n230,5,1,0.5805800000000001
114,r0a5n240,5,1,0.57314
115,r0a5n250,5,1,0.5704400000000001
116,r0a5n260,5,1,0.5506599999999999
117,r0a5n270,5,1,0.5824199999999999
118,r0a5n280,5,1,0.6081799999999999
119,r0a5n290,5,1,0.58266
120,r0a6n100,6,1,0.5794400000000001
121,r0a6n110,6,1,0.5825199999999999
122,r0a6n120,6,1,0.5300199999999999
123,r0a6n130,6,1,0.5279299999999999
124,r0a6n140,6,1,0.5724
125,r0a6n150,6,1,0.61725
126,r0a6n160,6,1,0.60813
127,r0a6n170,6,1,0.5351
128,r0a6n180,6,1,0.5726
129,r0a6n190,6,1,0.5325700000000001
130,r0a6n200,6,1,0.54122
131,r0a6n210,6,1,0.56829
132,r0a6n220,6,1,0.53762
133,r0a6n230,6,1,0.53849
134,r0a6n240,6,1,0.5300199999999999
135,r0a6n250,6,1,0.53806
136,r0a6n260,6,1,0.59684
137,r0a6n270,6,1,0.58085
138,r0a6n280,6,1,0.5721900000000001
139,r0a6n290,6,1,0.54696
140,r0a7n100,7,1,0.5282899999999999
141,r0a7n110,7,1,0.5798
142,r0a7n120,7,1,0.58082
143,r0a7n130,7,1,0.54144
144,r0a7n140,7,1,0.52213
145,r0a7n150,7,1,0.5988
146,r0a7n160,7,1,0.59945
147,r0a7n170,7,1,0.53946
148,r0a7n180,7,1,0.60397
149,r0a7n190,7,1,0.54539
150,r0a7n200,7,1,0.55933
151,r0a7n210,7,1,0.56877
152,r0a7n220,7,1,0.5947899999999999
153,r0a7n230,7,1,0.5786399999999999
154,r0a7n240,7,1,0.53644
155,r0a7n250,7,1,0.52578
156,r0a7n260,7,1,0.57621
157,r0a7n270,7,1,0.6025900000000001
158,r0a7n280,7,1,0.56171
159,r0a7n290,7,1,0.59342
160,r0a8n100,8,1,0.54741
161,r0a8n110,8,1,0.53615
162,r0a8n120,8,1,0.57547
163,r0a8n130,8,1,0.56174
164,r0a8n140,8,1,0.5857100000000001
165,r0a8n150,8,1,0.55737
166,r0a8n160,8,1,0.5812200000000001
167,r0a8n170,8,1,0.5748099999999999
168,r0a8n180,8,1,0.52837
169,r0a8n190,8,1,0.59958
170,r0a8n200,8,1,0.53225
171,r0a8n210,8,1,0.58127
172,r0a8n220,8,1,0.5218400000000001
173,r0a8n230,8,1,0.53474
174,r0a8n240,8,1,0.56304
175,r0a8n250,8,1,0.58566
176,r0a8n260,8,1,0.58202
177,r0a8n270,8,1,0.57045
178,r0a8n280,8,1,0.52528
179,r0a8n290,8,1,0.56799
180,r0a9n100,9,1,0.61552
181,r0a9n110,9,1,0.52389
182,r0a9n120,9,1,0.5323300000000001
183,r0a9n130,9,1,0.58793
184,r0a9n140,9,1,0.5732999999999999
185,r0a9n150,9,1,0.55867
186,r0a9n160,9,1,0.6135700000000001
187,r0a9n170,9,1,0.57597
188,r0a9n180,9,1,0.5287200000000001
189,r0a9n190,9,1,0.60168
190,r0a9n200,9,1,0.55852
191,r0a9n210,9,1,0.54007
192,r0a9n220,9,1,0.5447000000000001
193,r0a9n230,9,1,0.6108300000000001
194,r0a9n240,9,1,0.53677
195,r0a9n250,9,1,0.57739
196,r0a9n260,9,1,0.5460900000000001
197,r0a9n270,9,1,0.55548
198,r0a9n280,9,1,0.56739
199,r0a9n290,9,1,0.5797899999999999
200,r0a10n100,10,0,0.53924
201,r0a10n110,10,0,0.52571
202,r0a10n120,10,0,0.5975499999999999
203,r0a10n130,10,0,0.5924299999999999
204,r0a10n140,10,0,0.59636
205,r0a10n150,10,0,0.59882
206,r0a10n160,10,0,0.52828
207,r0a10n170,10,0,0.55395
208,r0a10n180,10,0,0.55332
209,r0a10n190,10,0,0.55574
210,r0a10n200,10,0,0.59536
211,r0a10n210,10,0,0.58888
212,r0a10n220,10,0,0.56517
213,r0a10n230,10,0,0.54259
214,r0a10n240,10,0,0.5430900000000001
215,r0a10n250,10,0,0.6175
216,r0a10n260,10,0,0.6189
217,r0a10n270,10,0,0.57075
218,r0a10n280,10,0,0.5373600000000001
219,r0a10n290,10,0,0.61686
220,r0a11n100,11,0,0.57809
221,r0a11n110,11,0,0.60933
222,r0a11n120,11,0,0.5248400000000001
223,r0a11n130,11,0,0.59953
224,r0a11n140,11,0,0.55232
225,r0a11n150,11,0,0.5219199999999999
226,r0a11n160,11,0,0.52755
227,r0a11n170,11,0,0.54222
228,r0a11n180,11,0,0.61356
229,r0a11n190,11,0,0.5367000000000001
230,r0a11n200,11,0,0.57033
231,r0a11n210,11,0,0.60393
232,r0a11n220,11,0,0.5514
233,r0a11n230,11,0,0.5937899999999999
234,r0a11n240,11,0,0.55614
235,r0a11n250,11,0,0.5742999999999999
236,r0a11n260,11,0,0.6147
237,r0a11n270,11,0,0.60607
238,r0a11n280,11,0,0.59268
239,r0a11n290,11,0,0.55426
240,r0a12n100,12,0,0.52803
241,r0a12n110,12,0,0.56733
242,r0a12n120,12,0,0.57035
243,r0a12n130,12,0,0.54434
244,r0a12n140,12,0,0.52634
245,r0a12n150,12,0,0.5857899999999999
246,r0a12n160,12,0,0.5845199999999999
247,r0a12n170,12,0,0.60264
248,r0a12n180,12,0,0.57987
249,r0a12n190,12,0,0.52992
250,r0a12n200,12,0,0.60522
251,r0a12n210,12,0,0.54938
252,r0a12n220,12,0,0.5809099999999999
253,r0a12n230,12,0,0.52658
254,r0a12n240,12,0,0.59629
255,r0a12n250,12,0,0.54143
256,r0a12n260,12,0,0.5454600000000001
257,r0a12n270,12,0,0.6182000000000001
258,r0a12n280,12,0,0.61009
259,r0a12n290,12,0,0.59935
260,r0a13n100,13,0,0.54852
261,r0a13n110,13,0,0.55062
262,r0a13n120,13,0,0.5437000000000001
263,r0a13n130,13,0,0.52931
264,r0a13n140,13,0,0.52973
265,r0a13n150,13,0,0.60077
266,r0a13n160,13,0,0.5981000000000001
267,r0a13n170,13,0,0.5365700000000001
268,r0a13n180,13,0,0.55957
269,r0a13n190,13,0,0.5964400000000001
270,r0a13n200,13,0,0.59663
271,r0a13n210,13,0,0.58987
272,r0a13n220,13,0,0.5334
273,r0a13n230,13,0,0.60535
274,r0a13n240,13,0,0.5564
275,r0a13n250,13,0,0.59301
276,r0a13n260,13,0,0.60407
277,r0a13n270,13,0,0.59349
278,r0a13n280,13,0,0.5826
279,r0a13n290,13,0,0.54024
280,r0a14n100,14,0,0.5457000000000001
281,r0a14n110,14,0,0.5395
282,r0a14n120,14,0,0.56137
283,r0a14n130,14,0,0.54299
284,r0a14n140,14,0,0.59487
285,r0a14n150,14,0,0.56302
286,r0a14n160,14,0,0.52524
287,r0a14n170,14,0,0.6096
288,r0a14n180,14,0,0.61038
289,r0a14n190,14,0,0.52922
290,r0a14n200,14,0,0.56025
291,r0a14n210,14,0,0.5702200000000001
292,r0a14n220,14,0,0.60277
293,r0a14n230,14,0,0.6075499999999999
294,r0a14n240,14,0,0.59987
295,r0a14n250,14,0,0.61098
296,r0a14n260,14,0,0.55249
297,r0a14n270,14,0,0.57097
298,r0a14n280,14,0,0.58727
299,r0a14n290,14,0,0.5661499999999999
300,r0a15n100,15,0,0.51986
301,r0a15n110,15,0,0.60842
302,r0a15n120,15,0,0.52443
303,r0a15n130,15,0,0.5770299999999999
304,r0a15n140,15,0,0.5707000000000001
305,r0a15n150,15,0,0.6113099999999999
306,r0a15n160,15,0,0.55735
307,r0a15n170,15,0,0.5843200000000001
308,r0a15n180,15,0,0.60699
309,r0a15n190,15,0,0.6086699999999999
310,r0a15n200,15,0,0.536
311,r0a15n210,15,0,0.56543
312,r0a15n220,15,0,0.61519
313,r0a15n230,15,0,0.54541
314,r0a15n240,15,0,0.56409
315,r0a15n250,15,0,0.5931000000000001
316,r0a15n260,15,0,0.60768
317,r0a15n270,15,0,0.58105
318,r0a15n280,15,0,0.53612
319,r0a15n290,15,0,0.57893
320,r0a16n100,16,0,0.52586
321,r0a16n110,16,0,0.57508
322,r0a16n120,16,0,0.5595399999999999
323,r0a16n130,16,0,0.54926
324,r0a16n140,16,0,0.60719
325,r0a16n150,16,0,0.53413
326,r0a16n160,16,0,0.60081
327,r0a16n170,16,0,0.6017899999999999
328,r0a16n180,16,0,0.56135
329,r0a16n190,16,0,0.53363
330,r0a16n200,16,0,0.57231
331,r0a16n210,16,0,0.5281
332,r0a16n220,16,0,0.54513
333,r0a16n230,16,0,0.58927
334,r0a16n240,16,0,0.5369299999999999
335,r0a16n250,16,0,0.58575
336,r0a16n260,16,0,0.61248
337,r0a16n270,16,0,0.54728
338,r0a16n280,16,0,0.58312
339,r0a16n290,16,0,0.5271699999999999
340,r0a17n100,17,0,0.55624
341,r0a17n110,17,0,0.5882000000000001
342,r0a17n120,17,0,0.58474
343,r0a17n130,17,0,0.53743
344,r0a17n140,17,0,0.56809
345,r0a17n150,17,0,0.52437
346,r0a17n160,17,0,0.6139199999999999
347,r0a17n170,17,0,0.60865
348,r0a17n180,17,0,0.54308
349,r0a17n190,17,0,0.55148
350,r0a17n200,17,0,0.54201
351,r0a17n210,17,0,0.5328999999999999
352,r0a17n220,17,0,0.61339
353,r0a17n230,17,0,0.5932000000000001
354,r0a17n240,17,0,0.54228
355,r0a17n250,17,0,0.55816
356,r0a17n260,17,0,0.54941
357,r0a17n270,17,0,0.55563
358,r0a17n280,17,0,0.5640499999999999
359,r0a17n290,17,0,0.56261
360,r0a18n100,18,0,0.59002
361,r0a18n110,18,0,0.57809
362,r0a18n120,18,0,0.54012
363,r0a18n130,18,0,0.54755
364,r0a18n140,18,0,0.55883
365,r0a18n150,18,0,0.53099
366,r0a18n160,18,0,0.5769
367,r0a18n170,18,0,0.5684400000000001
368,r0a18n180,18,0,0.60258
369,r0a18n190,18,0,0.5722999999999999
370,r0a18n200,18,0,0.58636
371,r0a18n210,18,0,0.60151
372,r0a18n220,18,0,0.5330199999999999
373,r0a18n230,18,0,0.56472
374,r0a18n240,18,0,0.56249
375,r0a18n250,18,0,0.58511
376,r0a18n260,18,0,0.6042000000000001
377,r0a18n270,18,0,0.53895
378,r0a18n280,18,0,0.5668300000000001
379,r0a18n290,18,0,0.60324
380,r0a19n100,19,0,0.52209
381,r0a19n110,19,0,0.56657
382,r0a19n120,19,0,0.57656
383,r0a19n130,19,0,0.6147100000000001
384,r0a19n140,19,0,0.59235
385,r0a19n150,19,0,0.5993999999999999
386,r0a19n160,19,0,0.5602699999999999
387,r0a19n170,19,0,0.59266
388,r0a19n180,19,0,0.56704
389,r0a19n190,19,0,0.60041
390,r0a19n200,19,0,0.53751
391,r0a19n210,19,0,0.6016699999999999
392,r0a19n220,19,0,0.55111
393,r0a19n230,19,0,0.61829
394,r0a19n240,19,0,0.54764
395,r0a19n250,19,0,0.57402
396,r0a19n260,19,0,0.56026
397,r0a19n270,19,0,0.52528
398,r0a19n280,19,0,0.52908
399,r0a19n290,19,0,0.5438
400,r0a20n100,20,0,0.60373
401,r0a20n110,20,0,0.6116699999999999
402,r0a20n120,20,0,0.52327
403,r0a20n130,20,0,0.5364
404,r0a20n140,20,0,0.6144
405,r0a20n150,20,0,0.5742200000000001
406,r0a20n160,20,0,0.5748099999999999
407,r0a20n170,20,0,0.61724
408,r0a20n180,20,0,0.5228400000000001
409,r0a20n190,20,0,0.53438
410,r0a20n200,20,0,0.61854
411,r0a20n210,20,0,0.60888
412,r0a20n220,20,0,0.60582
413,r0a20n230,20,0,0.58209
414,r0a20n240,20,0,0.53161
415,r0a20n250,20,0,0.5645399999999999
416,r0a20n260,20,0,0.54631
417,r0a20n270,20,0,0.55884
418,r0a20n280,20,0,0.5281
419,r0a20n290,20,0,0.58145
420,r0a21n100,21,0,0.52667
421,r0a21n110,21,0,0.56211
422,r0a21n120,21,0,0.5284800000000001
423,r0a21n130,21,0,0.54576
424,r0a21n140,21,0,0.6124700000000001
425,r0a21n150,21,0,0.5884400000000001
426,r0a21n160,21,0,0.59793
427,r0a21n170,21,0,0.54716
428,r0a21n180,21,0,0.53422
429,r0a21n190,21,0,0.5453600000000001
430,r0a21n200,21,0,0.5199400000000001
431,r0a21n210,21,0,0.5549700000000001
432,r0a21n220,21,0,0.56536
433,r0a21n230,21,0,0.54872
434,r0a21n240,21,0,0.57824
435,r0a21n250,21,0,0.58636
436,r0a21n260,21,0,0.55875
437,r0a21n270,21,0,0.59781
438,r0a21n280,21,0,0.61646
439,r0a21n290,21,0,0.61117
440,r0a22n100,22,0,0.57031
441,r0a22n110,22,0,0.53675
442,r0a22n120,22,0,0.54388
443,r0a22n130,22,0,0.5616599999999999
444,r0a22n140,22,0,0.6037100000000001
445,r0a22n150,22,0,0.57936
446,r0a22n160,22,0,0.60758
447,r0a22n170,22,0,0.5473899999999999
448,r0a22n180,22,0,0.5240199999999999
449,r0a22n190,22,0,0.6059
450,r0a22n200,22,0,0.58326
451,r0a22n210,22,0,0.52667
452,r0a22n220,22,0,0.55823
453,r0a22n230,22,0,0.56371
454,r0a22n240,22,0,0.5245700000000001
455,r0a22n250,22,0,0.58857
456,r0a22n260,22,0,0.61419
457,r0a22n270,22,0,0.55532
458,r0a22n280,22,0,0.59776
459,r0a22n290,22,0,0.61745
460,r0a23n100,23,0,0.5842999999999999
461,r0a23n110,23,0,0.59148
462,r0a23n120,23,0,0.5863200000000001
463,r0a23n130,23,0,0.5579299999999999
464,r0a23n140,23,0,0.55776
465,r0a23n150,23,0,0.6077400000000001
466,r0a23n160,23,0,0.55169
467,r0a23n170,23,0,0.57357
468,r0a23n180,23,0,0.53613
469,r0a23n190,23,0,0.59347
470,r0a23n200,23,0,0.52352
471,r0a23n210,23,0,0.56331
472,r0a23n220,23,0,0.58096
473,r0a23n230,23,0,0.54427
474,r0a23n240,23,0,0.58957
475,r0a23n250,23,0,0.5354800000000001
476,r0a23n260,23,0,0.61627
477,r0a23n270,23,0,0.60511
478,r0a23n280,23,0,0.57728
479,r0a23n290,23,0,0.59902
480,r0a24n100,24,0,0.58177
481,r0a24n110,24,0,0.56004
482,r0a24n120,24,0,0.61239
483,r0a24n130,24,0,0.58078
484,r0a24n140,24,0,0.58749
485,r0a24n150,24,0,0.55548
486,r0a24n160,24,0,0.52937
487,r0a24n170,24,0,0.53266
488,r0a24n180,24,0,0.549
489,r0a24n190,24,0,0.59742
490,r0a24n200,24,0,0.54592
491,r0a24n210,24,0,0.5598
492,r0a24n220,24,0,0.5996900000000001
493,r0a24n230,24,0,0.5520700000000001
494,r0a24n240,24,0,0.54488
495,r0a24n250,24,0,0.57845
496,r0a24n260,24,0,0.61651
497,r0a24n270,24,0,0.57257
498,r0a24n280,24,0,0.53328
499,r0a24n290,24,0,0.52432
500,r0a25n100,25,0,0.52189
501,r0a25n110,25,0,0.6083
502,r0a25n120,25,0,0.57067
503,r0a25n130,25,0,0.53838
504,r0a25n140,25,0,0.60758
505,r0a25n150,25,0,0.5328200000000001
506,r0a25n160,25,0,0.53451
507,r0a25n170,25,0,0.60417
508,r0a25n180,25,0,0.58638
509,r0a25n190,25,0,0.522
510,r0a25n200,25,0,0.58594
511,r0a25n210,25,0,0.5305599999999999
512,r0a25n220,25,0,0.57537
513,r0a25n230,25,0,0.54608
514,r0a25n240,25,0,0.5760299999999999
515,r0a25n250,25,0,0.53389
516,r0a25n260,25,0,0.54313
517,r0a25n270,25,0,0.5359700000000001
518,r0a25n280,25,0,0.5715399999999999
519,r0a25n290,25,0,0.5844
520,r0a26n100,26,0,0.5784
521,r0a26n110,26,0,0.5937899999999999
522,r0a26n120,26,0,0.56744
523,r0a26n130,26,0,0.60696
524,r0a26n140,26,0,0.5248999999999999
525,r0a26n150,26,0,0.60884
526,r0a26n160,26,0,0.61211
527,r0a26n170,26,0,0.52828
528,r0a26n180,26,0,0.53266
529,r0a26n190,26,0,0.59347
530,r0a26n200,26,0,0.59723
531,r0a26n210,26,0,0.5721900000000001
532,r0a26n220,26,0,0.6178899999999999
533,r0a26n230,26,0,0.56985
534,r0a26n240,26,0,0.5755399999999999
535,r0a26n250,26,0,0.59214
536,r0a26n260,26,0,0.57049
537,r0a26n270,26,0,0.56244
538,r0a26n280,26,0,0.5244
539,r0a26n290,26,0,0.54787
540,r0a27n100,27,0,0.5888300000000001
541,r0a27n110,27,0,0.60161
542,r0a27n120,27,0,0.55808
543,r0a27n130,27,0,0.5688300000000001
544,r0a27n140,27,0,0.60205
545,r0a27n150,27,0,0.5698200000000001
546,r0a27n160,27,0,0.5394500000000001
547,r0a27n170,27,0,0.53011
548,r0a27n180,27,0,0.55591
549,r0a27n190,27,0,0.5345
550,r0a27n200,27,0,0.5717000000000001
551,r0a27n210,27,0,0.59284
552,r0a27n220,27,0,0.6083
553,r0a27n230,27,0,0.58863
554,r0a27n240,27,0,0.56201
555,r0a27n250,27,0,0.59021
556,r0a27n260,27,0,0.5997899999999999
557,r0a27n270,27,0,0.5332100000000001
558,r0a27n280,27,0,0.583
559,r0a27n290,27,0,0.55106
560,r0a28n100,28,0,0.5402100000000001
561,r0a28n110,28,0,0.5706
562,r0a28n120,28,0,0.52426
563,r0a28n130,28,0,0.57684
564,r0a28n140,28,0,0.52128
565,r0a28n150,28,0,0.61533
566,r0a28n160,28,0,0.6016900000000001
567,r0a28n170,28,0,0.5710299999999999
568,r0a28n180,28,0,0.5576
569,r0a28n190,28,0,0.52404
570,r0a28n200,28,0,0.59058
571,r0a28n210,28,0,0.56547
572,r0a28n220,28,0,0.5342
573,r0a28n230,28,0,0.52178
574,r0a28n240,28,0,0.58215
575,r0a28n250,28,0,0.6014299999999999
576,r0a28n260,28,0,0.60303
577,r0a28n270,28,0,0.53408
578,r0a28n280,28,0,0.59757
579,r0a28n290,28,0,0.59829
580,r0a29n100,29,0,0.54034
581,r0a29n110,29,0,0.5329400000000001
582,r0a29n120,29,0,0.53619
583,r0a29n130,29,0,0.57104
584,r0a29n140,29,0,0.59949
585,r0a29n150,29,0,0.57071
586,r0a29n160,29,0,0.53498
587,r0a29n170,29,0,0.5698300000000001
588,r0a29n180,29,0,0.5774400000000001
589,r0a29n190,29,0,0.55225
590,r0a29n200,29,0,0.59777
591,r0a29n210,29,0,0.55273
592,r0a29n220,29,0,0.57548
593,r0a29n230,29,0,0.55713
594,r0a29n240,29,0,0.54457
595,r0a29n250,29,0,0.54963
596,r0a29n260,29,0,0.55998
597,r0a29n270,29,0,0.55863
598,r0a29n280,29,0,0.5600599999999999
599,r0a29n290,29,0,0.53539
600,r0a30n100,30,0,0.5382100000000001
601,r0a30n110,30,0,0.57937
602,r0a30n120,30,0,0.56824
603,r0a30n130,30,0,0.58838
604,r0a30n140,30,0,0.54126
605,r0a30n150,30,0,0.55391
606,r0a30n160,30,0,0.53438
607,r0a30n170,30,0,0.5211
608,r0a30n180,30,0,0.58111
609,r0a30n190,30,0,0.60915
610,r0a30n200,30,0,0.54355
611,r0a30n210,30,0,0.56441
612,r0a30n220,30,0,0.5824
613,r0a30n230,30,0,0.5578099999999999
614,r0a30n240,30,0,0.5539700000000001
615,r0a30n250,30,0,0.59996
616,r0a30n260,30,0,0.59214
617,r0a30n270,30,0,0.54301
618,r0a30n280,30,0,0.52612
619,r0a30n290,30,0,0.5539
620,r1a0n100,0,0,2.30802
621,r1a0n110,0,0,2.24153
622,r1a0n120,0,0,2.35151
623,r1a0n130,0,0,2.08118
624,r1a0n140,0,0,2.29334
625,r1a0n150,0,0,2.06894
626,r1a0n160,0,0,2.18016
627,r1a0n170,0,0,2.28348
628,r1a0n180,0,0,2.202
629,r1a0n190,0,0,2.15873
630,r1a0n200,0,0,2.23906
631,r1a0n210,0,0,2.2561999999999998
632,r1a0n220,0,0,2.1958200000000003
633,r1a0n230,0,0,2.32572
634,r1a0n240,0,0,2.2638499999999997
635,r1a0n250,0,0,2.06972
636,r1a0n260,0,0,2.2164800000000002
637,r1a0n270,0,0,2.27311
638,r1a0n280,0,0,2.3038600000000002
639,r1a0n290,0,0,2.1230300000000004
640,r1a1n100,1,0,2.093
641,r1a1n110,1,0,2.26106
642,r1a1n120,1,0,2.26377
643,r1a1n130,1,0,2.24212
644,r1a1n140,1,0,2.2599299999999998
645,r1a1n150,1,0,2.22645
646,r1a1n160,1,0,2.22491
647,r1a1n170,1,0,2.1225
648,r1a1n180,1,0,2.12043
649,r1a1n190,1,0,2.3411
650,r1a1n200,1,0,2.2258400000000003
651,r1a1n210,1,0,2.16695
652,r1a1n220,1,0,2.29002
653,r1a1n230,1,0,2.06494
654,r1a1n240,1,0,2.25809
655,r1a1n250,1,0,2.20429
656,r1a1n260,1,0,2.12117
657,r1a1n270,1,0,2.1105300000000002
658,r1a1n280,1,0,2.0747
659,r1a1n290,1,0,2.0916300000000003
660,r1a2n100,2,0,2.22086
661,r1a2n110,2,0,2.14166
662,r1a2n120,2,0,2.18629
663,r1a2n130,2,0,2.1681999999999997
664,r1a2n140,2,0,2.26285
665,r1a2n150,2,0,2.29103
666,r1a2n160,2,0,2.21088
667,r1a2n170,2,0,2.20539
668,r1a2n180,2,0,2.1864
669,r1a2n190,2,0,2.26858
670,r1a2n200,2,0,2.27352
671,r1a2n210,2,0,2.1227
672,r1a2n220,2,0,2.34883
673,r1a2n230,2,0,2.16204
674,r1a2n240,2,0,2.2279400000000003
675,r1a2n250,2,0,2.30214
676,r1a2n260,2,0,2.1912
677,r1a2n270,2,0,2.32477
678,r1a2n280,2,0,2.34992
679,r1a2n290,2,0,2.20171
680,r1a3n100,3,0,2.14765
681,r1a3n110,3,0,2.1678
682,r1a3n120,3,0,2.2984
683,r1a3n130,3,0,2.1320300000000003
684,r1a3n140,3,0,2.33563
685,r1a3n150,3,0,2.32296
686,r1a3n160,3,0,2.27487
687,r1a3n170,3,0,2.20293
688,r1a3n180,3,0,2.1120799999999997
689,r1a3n190,3,0,2.2350100000000004
690,r1a3n200,3,0,2.16635
691,r1a3n210,3,0,2.27662
692,r1a3n220,3,0,2.2985300000000004
693,r1a3n230,3,0,2.20244
694,r1a3n240,3,0,2.28037
695,r1a3n250,3,0,2.32148
696,r1a3n260,3,0,2.3476
697,r1a3n270,3,0,2.1270599999999997
698,r1a3n280,3,0,2.1502800000000004
699,r1a3n290,3,0,2.2488099999999998
700,r1a4n100,4,0,2.18866
701,r1a4n110,4,0,2.3438499999999998
702,r1a4n120,4,0,2.12323
703,r1a4n130,4,0,2.09639
704,r1a4n140,4,0,2.3206599999999997
705,r1a4n150,4,0,2.12371
706,r1a4n160,4,0,2.09423
707,r1a4n170,4,0,2.33019
708,r1a4n180,4,0,2.1771
709,r1a4n190,4,0,2.2311799999999997
710,r1a4n200,4,0,2.0812199999999996
711,r1a4n210,4,0,2.15087
712,r1a4n220,4,0,2.356
713,r1a4n230,4,0,2.06485
714,r1a4n240,4,0,2.2601199999999997
715,r1a4n250,4,0,2.18784
716,r1a4n260,4,0,2.27283
717,r1a4n270,4,0,2.18729
718,r1a4n280,4,0,2.13833
719,r1a4n290,4,0,2.16853
720,r1a5n100,5,1,2.12379
721,r1a5n110,5,1,2.11215
722,r1a5n120,5,1,2.29721
723,r1a5n130,5,1,2.1930300000000003
724,r1a5n140,5,1,2.28356
725,r1a5n150,5,1,2.35706
726,r1a5n160,5,1,2.25364
727,r1a5n170,5,1,2.35402
728,r1a5n180,5,1,2.31527
729,r1a5n190,5,1,2.2435500000000004
730,r1a5n200,5,1,2.18661
731,r1a5n210,5,1,2.28153
732,r1a5n220,5,1,2.08221
733,r1a5n230,5,1,2.27084
734,r1a5n240,5,1,2.1818899999999997
735,r1a5n250,5,1,2.1774299999999998
736,r1a5n260,5,1,2.30746
737,r1a5n270,5,1,2.07137
738,r1a5n280,5,1,2.06536
739,r1a5n290,5,1,2.32071
740,r1a6n100,6,1,2.16266
741,r1a6n110,6,1,2.30755
742,r1a6n120,6,1,2.3225700000000002
743,r1a6n130,6,1,2.08206
744,r1a6n140,6,1,2.3081300000000002
745,r1a6n150,6,1,2.3083400000000003
746,r1a6n160,6,1,2.23428
747,r1a6n170,6,1,2.23866
748,r1a6n180,6,1,2.0945500000000004
749,r1a6n190,6,1,2.21252
750,r1a6n200,6,1,2.18107
751,r1a6n210,6,1,2.1467899999999998
752,r1a6n220,6,1,2.18955
753,r1a6n230,6,1,2.27769
754,r1a6n240,6,1,2.34896
755,r1a6n250,6,1,2.08358
756,r1a6n260,6,1,2.3081799999999997
757,r1a6n270,6,1,2.30883
758,r1a6n280,6,1,2.32361
759,r1a6n290,6,1,2.3146799999999996
760,r1a7n100,7,1,2.3395
761,r1a7n110,7,1,2.10448
762,r1a7n120,7,1,2.16464
763,r1a7n130,7,1,2.26789
764,r1a7n140,7,1,2.34847
765,r1a7n150,7,1,2.07416
766,r1a7n160,7,1,2.26275
767,r1a7n170,7,1,2.1957600000000004
768,r1a7n180,7,1,2.13714
769,r1a7n190,7,1,2.32425
770,r1a7n200,7,1,2.17785
771,r1a7n210,7,1,2.34441
772,r1a7n220,7,1,2.2112600000000002
773,r1a7n230,7,1,2.1982199999999996
774,r1a7n240,7,1,2.34939
775,r1a7n250,7,1,2.14327
776,r1a7n260,7,1,2.21189
777,r1a7n270,7,1,2.30798
778,r1a7n280,7,1,2.08337
779,r1a7n290,7,1,2.15782
780,r1a8n100,8,1,2.3105100000000003
781,r1a8n110,8,1,2.2629699999999997
782,r1a8n120,8,1,2.28289
783,r1a8n130,8,1,2.34986
784,r1a8n140,8,1,2.13731
785,r1a8n150,8,1,2.21354
786,r1a8n160,8,1,2.35596
787,r1a8n170,8,1,2.08653
788,r1a8n180,8,1,2.3220500000000004
789,r1a8n190,8,1,2.20852
790,r1a8n200,8,1,2.2069699999999997
791,r1a8n210,8,1,2.23983
792,r1a8n220,8,1,2.11179
793,r1a8n230,8,1,2.10154
794,r1a8n240,8,1,2.11002
795,r1a8n250,8,1,2.30302
796,r1a8n260,8,1,2.3091500000000003
797,r1a8n270,8,1,2.1900999999999997
798,r1a8n280,8,1,2.0855900000000003
799,r1a8n290,8,1,2.30125
800,r1a9n100,9,1,2.3561300000000003
801,r1a9n110,9,1,2.23474
802,r1a9n120,9,1,2.10171
803,r1a9n130,9,1,2.17855
804,r1a9n140,9,1,2.18969
805,r1a9n150,9,1,2.07248
806,r1a9n160,9,1,2.0903400000000003
807,r1a9n170,9,1,2.10061
808,r1a9n180,9,1,2.34653
809,r1a9n190,9,1,2.24705
810,r1a9n200,9,1,2.0669899999999997
811,r1a9n210,9,1,2.35373
812,r1a9n220,9,1,2.21608
813,r1a9n230,9,1,2.25794
814,r1a9n240,9,1,2.20721
815,r1a9n250,9,1,2.25391
816,r1a9n260,9,1,2.24088
817,r1a9n270,9,1,2.2441
818,r1a9n280,9,1,2.31238
819,r1a9n290,9,1,2.25277
820,r1a10n100,10,0,2.22902
821,r1a10n110,10,0,2.22373
822,r1a10n120,10,0,2.09125
823,r1a10n130,10,0,2.14135
824,r1a10n140,10,0,2.31976
825,r1a10n150,10,0,2.13256
826,r1a10n160,10,0,2.2979000000000003
827,r1a10n170,10,0,2.34226
828,r1a10n180,10,0,2.33231
829,r1a10n190,10,0,2.27852
830,r1a10n200,10,0,2.11004
831,r1a10n210,10,0,2.3074299999999996
832,r1a10n220,10,0,2.21336
833,r1a10n230,10,0,2.25743
834,r1a10n240,10,0,2.14148
835,r1a10n250,10,0,2.2545100000000002
836,r1a10n260,10,0,2.34539
837,r1a10n270,10,0,2.06372
838,r1a10n280,10,0,2.22337
839,r1a10n290,10,0,2.24139
840,r1a11n100,11,0,2.12092
841,r1a11n110,11,0,2.22023
842,r1a11n120,11,0,2.22486
843,r1a11n130,11,0,2.2146999999999997
844,r1a11n140,11,0,2.15968
845,r1a11n150,11,0,2.2562800000000003
846,r1a11n160,11,0,2.2165500000000002
847,r1a11n170,11,0,2.2649
848,r1a11n180,11,0,2.1713299999999998
849,r1a11n190,11,0,2.12501
850,r1a11n200,11,0,2.30859
851,r1a11n210,11,0,2.1079499999999998
852,r1a11n220,11,0,2.21986
853,r1a11n230,11,0,2.34483
854,r1a11n240,11,0,2.2799899999999997
855,r1a11n250,11,0,2.1629099999999997
856,r1a11n260,11,0,2.2001399999999998
857,r1a11n270,11,0,2.34383
858,r1a11n280,11,0,2.23911
859,r1a11n290,11,0,2.2835199999999998
860,r1a12n100,12,0,2.19006
861,r1a12n110,12,0,2.35588
862,r1a12n120,12,0,2.3201
863,r1a12n130,12,0,2.12753
864,r1a12n140,12,0,2.21608
865,r1a12n150,12,0,2.21608
866,r1a12n160,12,0,2.29138
867,r1a12n170,12,0,2.09242
868,r1a12n180,12,0,2.08461
869,r1a12n190,12,0,2.06424
870,r1a12n200,12,0,2.1055900000000003
871,r1a12n210,12,0,2.24785
872,r1a12n220,12,0,2.2801799999999997
873,r1a12n230,12,0,2.23866
874,r1a12n240,12,0,2.2189200000000002
875,r1a12n250,12,0,2.0875
876,r1a12n260,12,0,2.28183
877,r1a12n270,12,0,2.24759
878,r1a12n280,12,0,2.2579499999999997
879,r1a12n290,12,0,2.25099
880,r1a13n100,13,0,2.1544
881,r1a13n110,13,0,2.3270500000000003
882,r1a13n120,13,0,2.1671
883,r1a13n130,13,0,2.30675
884,r1a13n140,13,0,2.11823
885,r1a13n150,13,0,2.33595
886,r1a13n160,13,0,2.23173
887,r1a13n170,13,0,2.2645
888,r1a13n180,13,0,2.16674
889,r1a13n190,13,0,2.1119499999999998
890,r1a13n200,13,0,2.0696
891,r1a13n210,13,0,2.1296999999999997
892,r1a13n220,13,0,2.24096
893,r1a13n230,13,0,2.21785
894,r1a13n240,13,0,2.2014
895,r1a13n250,13,0,2.3048
896,r1a13n260,13,0,2.33572
897,r1a13n270,13,0,2.29423
898,r1a13n280,13,0,2.32827
899,r1a13n290,13,0,2.2062
900,r1a14n100,14,0,2.13012
901,r1a14n110,14,0,2.23434
902,r1a14n120,14,0,2.11904
903,r1a14n130,14,0,2.1175100000000002
904,r1a14n140,14,0,2.25729
905,r1a14n150,14,0,2.21075
906,r1a14n160,14,0,2.18722
907,r1a14n170,14,0,2.10311
908,r1a14n180,14,0,2.22004
909,r1a14n190,14,0,2.2250199999999998
910,r1a14n200,14,0,2.10274
911,r1a14n210,14,0,2.06896
912,r1a14n220,14,0,2.35486
913,r1a14n230,14,0,2.35121
914,r1a14n240,14,0,2.3546
915,r1a14n250,14,0,2.0805100000000003
916,r1a14n260,14,0,2.18289
917,r1a14n270,14,0,2.28475
918,r1a14n280,14,0,2.1799299999999997
919,r1a14n290,14,0,2.3322399999999996
920,r1a15n100,15,0,2.1352399999999996
921,r1a15n110,15,0,2.07462
922,r1a15n120,15,0,2.32398
923,r1a15n130,15,0,2.23956
924,r1a15n140,15,0,2.2104899999999996
925,r1a15n150,15,0,2.20053
926,r1a15n160,15,0,2.1495100000000003
927,r1a15n170,15,0,2.3426799999999997
928,r1a15n180,15,0,2.10448
929,r1a15n190,15,0,2.07971
930,r1a15n200,15,0,2.19081
931,r1a15n210,15,0,2.2488699999999997
932,r1a15n220,15,0,2.22661
933,r1a15n230,15,0,2.25842
934,r1a15n240,15,0,2.15375
935,r1a15n250,15,0,2.33548
936,r1a15n260,15,0,2.31264
937,r1a15n270,15,0,2.2581100000000003
938,r1a15n280,15,0,2.13111
939,r1a15n290,15,0,2.25415
940,r1a16n100,16,0,2.1600900000000003
941,r1a16n110,16,0,2.26561
942,r1a16n120,16,0,2.2161
943,r1a16n130,16,0,2.21487
944,r1a16n140,16,0,2.06711
945,r1a16n150,16,0,2.08824
946,r1a16n160,16,0,2.08009
947,r1a16n170,16,0,2.33394
948,r1a16n180,16,0,2.1438800000000002
949,r1a16n190,16,0,2.25421
950,r1a16n200,16,0,2.1927600000000003
951,r1a16n210,16,0,2.26478
952,r1a16n220,16,0,2.09447
953,r1a16n230,16,0,2.1785799999999997
954,r1a16n240,16,0,2.1266
955,r1a16n250,16,0,2.0769499999999996
956,r1a16n260,16,0,2.11354
957,r1a16n270,16,0,2.11615
958,r1a16n280,16,0,2.35356
959,r1a16n290,16,0,2.30367
960,r1a17n100,17,0,2.2953099999999997
961,r1a17n110,17,0,2.25394
962,r1a17n120,17,0,2.33046
963,r1a17n130,17,0,2.10034
964,r1a17n140,17,0,2.19752
965,r1a17n150,17,0,2.35685
966,r1a17n160,17,0,2.33575
967,r1a17n170,17,0,2.1512399999999996
968,r1a17n180,17,0,2.34233
969,r1a17n190,17,0,2.13064
970,r1a17n200,17,0,2.22094
971,r1a17n210,17,0,2.09432
972,r1a17n220,17,0,2.2850300000000003
973,r1a17n230,17,0,2.33445
974,r1a17n240,17,0,2.13276
975,r1a17n250,17,0,2.11108
976,r1a17n260,17,0,2.0882899999999998
977,r1a17n270,17,0,2.35091
978,r1a17n280,17,0,2.14229
979,r1a17n290,17,0,2.33698
980,r1a18n100,18,0,2.15008
981,r1a18n110,18,0,2.33016
982,r1a18n120,18,0,2.07911
983,r1a18n130,18,0,2.1520900000000003
984,r1a18n140,18,0,2.14531
985,r1a18n150,18,0,2.16112
986,r1a18n160,18,0,2.2143200000000003
987,r1a18n170,18,0,2.3563
988,r1a18n180,18,0,2.17104
989,r1a18n190,18,0,2.16984
990,r1a18n200,18,0,2.0933
991,r1a18n210,18,0,2.21223
992,r1a18n220,18,0,2.2235
993,r1a18n230,18,0,2.24916
994,r1a18n240,18,0,2.16176
995,r1a18n250,18,0,2.31819
996,r1a18n260,18,0,2.13022
997,r1a18n270,18,0,2.0811100000000002
998,r1a18n280,18,0,2.19604
999,r1a18n290,18,0,2.26706
1000,r1a19n100,19,0,2.16885
1001,r1a19n110,19,0,2.26898
1002,r1a19n120,19,0,2.1921399999999998
1003,r1a19n130,19,0,2.25109
1004,r1a19n140,19,0,2.11329
1005,r1a19n150,19,0,2.3043299999999998
1006,r1a19n160,19,0,2.27419
1007,r1a19n170,19,0,2.2898899999999998
1008,r1a19n180,19,0,2.20727
1009,r1a19n190,19,0,2.22926
1010,r1a19n200,19,0,2.20655
1011,r1a19n210,19,0,2.28827
1012,r1a19n220,19,0,2.07559
1013,r1a19n230,19,0,2.18906
1014,r1a19n240,19,0,2.15352
1015,r1a19n250,19,0,2.13584
1016,r1a19n260,19,0,2.23436
1017,r1a19n270,19,0,2.11707
1018,r1a19n280,19,0,2.16985
1019,r1a19n290,19,0,2.20795
1020,r1a20n100,20,0,2.07906
1021,r1a20n110,20,0,2.08869
1022,r1a20n120,20,0,2.2872399999999997
1023,r1a20n130,20,0,2.14424
1024,r1a20n140,20,0,2.28134
1025,r1a20n150,20,0,2.1596100000000003
1026,r1a20n160,20,0,2.3107800000000003
1027,r1a20n170,20,0,2.30728
1028,r1a20n180,20,0,2.17265
1029,r1a20n190,20,0,2.15022
1030,r1a20n200,20,0,2.34369
1031,r1a20n210,20,0,2.15718
1032,r1a20n220,20,0,2.0626599999999997
1033,r1a20n230,20,0,2.1179699999999997
1034,r1a20n240,20,0,2.1100100000000004
1035,r1a20n250,20,0,2.29294
1036,r1a20n260,20,0,2.3562800000000004
1037,r1a20n270,20,0,2.14065
1038,r1a20n280,20,0,2.30789
1039,r1a20n290,20,0,2.09825
1040,r1a21n100,21,0,2.1312699999999998
1041,r1a21n110,21,0,2.12304
1042,r1a21n120,21,0,2.07594
1043,r1a21n130,21,0,2.24526
1044,r1a21n140,21,0,2.07637
1045,r1a21n150,21,0,2.2170199999999998
1046,r1a21n160,21,0,2.20381
1047,r1a21n170,21,0,2.19186
1048,r1a21n180,21,0,2.28069
1049,r1a21n190,21,0,2.18016
1050,r1a21n200,21,0,2.08242
1051,r1a21n210,21,0,2.3033699999999997
1052,r1a21n220,21,0,2.2392
1053,r1a21n230,21,0,2.19447
1054,r1a21n240,21,0,2.23844
1055,r1a21n250,21,0,2.31574
1056,r1a21n260,21,0,2.07276
1057,r1a21n270,21,0,2.17401
1058,r1a21n280,21,0,2.35445
1059,r1a21n290,21,0,2.06806
1060,r1a22n100,22,0,2.24128
1061,r1a22n110,22,0,2.19916
1062,r1a22n120,22,0,2.1095300000000003
1063,r1a22n130,22,0,2.32342
1064,r1a22n140,22,0,2.3026799999999996
1065,r1a22n150,22,0,2.09437
1066,r1a22n160,22,0,2.33327
1067,r1a22n170,22,0,2.28483
1068,r1a22n180,22,0,2.12903
1069,r1a22n190,22,0,2.09091
1070,r1a22n200,22,0,2.10427
1071,r1a22n210,22,0,2.2239400000000002
1072,r1a22n220,22,0,2.19915
1073,r1a22n230,22,0,2.07145
1074,r1a22n240,22,0,2.33746
1075,r1a22n250,22,0,2.34145
1076,r1a22n260,22,0,2.07757
1077,r1a22n270,22,0,2.1012
1078,r1a22n280,22,0,2.18655
1079,r1a22n290,22,0,2.2807600000000003
1080,r1a23n100,23,0,2.1829899999999998
1081,r1a23n110,23,0,2.14102
1082,r1a23n120,23,0,2.1284
1083,r1a23n130,23,0,2.2869099999999998
1084,r1a23n140,23,0,2.11953
1085,r1a23n150,23,0,2.13325
1086,r1a23n160,23,0,2.21591
1087,r1a23n170,23,0,2.28431
1088,r1a23n180,23,0,2.07
1089,r1a23n190,23,0,2.115
1090,r1a23n200,23,0,2.2436
1091,r1a23n210,23,0,2.1400300000000003
1092,r1a23n220,23,0,2.0638400000000003
1093,r1a23n230,23,0,2.19557
1094,r1a23n240,23,0,2.16292
1095,r1a23n250,23,0,2.2494899999999998
1096,r1a23n260,23,0,2.33675
1097,r1a23n270,23,0,2.32597
1098,r1a23n280,23,0,2.2997199999999998
1099,r1a23n290,23,0,2.30036
1100,r1a24n100,24,0,2.1984
1101,r1a24n110,24,0,2.2484
1102,r1a24n120,24,0,2.33356
1103,r1a24n130,24,0,2.29344
1104,r1a24n140,24,0,2.20873
1105,r1a24n150,24,0,2.13239
1106,r1a24n160,24,0,2.13931
1107,r1a24n170,24,0,2.29115
1108,r1a24n180,24,0,2.1346100000000003
1109,r1a24n190,24,0,2.1754000000000002
1110,r1a24n200,24,0,2.27052
1111,r1a24n210,24,0,2.17489
1112,r1a24n220,24,0,2.1070300000000004
1113,r1a24n230,24,0,2.2697399999999996
1114,r1a24n240,24,0,2.17794
1115,r1a24n250,24,0,2.25068
1116,r1a24n260,24,0,2.26347
1117,r1a24n270,24,0,2.3188899999999997
1118,r1a24n280,24,0,2.29108
1119,r1a24n290,24,0,2.25487
1120,r1a25n100,25,0,2.18569
1121,r1a25n110,25,0,2.24867
1122,r1a25n120,25,0,2.12077
1123,r1a25n130,25,0,2.33279
1124,r1a25n140,25,0,2.11102
1125,r1a25n150,25,0,2.2626
1126,r1a25n160,25,0,2.1206300000000002
1127,r1a25n170,25,0,2.09004
1128,r1a25n180,25,0,2.06544
1129,r1a25n190,25,0,2.11298
1130,r1a25n200,25,0,2.19574
1131,r1a25n210,25,0,2.2810799999999998
1132,r1a25n220,25,0,2.14108
1133,r1a25n230,25,0,2.1154699999999997
1134,r1a25n240,25,0,2.1132600000000004
1135,r1a25n250,25,0,2.26435
1136,r1a25n260,25,0,2.33831
1137,r1a25n270,25,0,2.33202
1138,r1a25n280,25,0,2.07315
1139,r1a25n290,25,0,2.06692
1140,r1a26n100,26,0,2.26127
1141,r1a26n110,26,0,2.09646
1142,r1a26n120,26,0,2.17644
1143,r1a26n130,26,0,2.31168
1144,r1a26n140,26,0,2.27825
1145,r1a26n150,26,0,2.18514
1146,r1a26n160,26,0,2.2194000000000003
1147,r1a26n170,26,0,2.2554000000000003
1148,r1a26n180,26,0,2.2525399999999998
1149,r1a26n190,26,0,2.18392
1150,r1a26n200,26,0,2.29382
1151,r1a26n210,26,0,2.30581
1152,r1a26n220,26,0,2.30262
1153,r1a26n230,26,0,2.17931
1154,r1a26n240,26,0,2.29046
1155,r1a26n250,26,0,2.2258400000000003
1156,r1a26n260,26,0,2.26973
1157,r1a26n270,26,0,2.06208
1158,r1a26n280,26,0,2.24524
1159,r1a26n290,26,0,2.20618
1160,r1a27n100,27,0,2.13526
1161,r1a27n110,27,0,2.32781
1162,r1a27n120,27,0,2.09164
1163,r1a27n130,27,0,2.23563
1164,r1a27n140,27,0,2.08274
1165,r1a27n150,27,0,2.20907
1166,r1a27n160,27,0,2.25948
1167,r1a27n170,27,0,2.10052
1168,r1a27n180,27,0,2.15196
1169,r1a27n190,27,0,2.13911
1170,r1a27n200,27,0,2.2589200000000003
1171,r1a27n210,27,0,2.07469
1172,r1a27n220,27,0,2.24002
1173,r1a27n230,27,0,2.20698
1174,r1a27n240,27,0,2.27339
1175,r1a27n250,27,0,2.2982600000000004
1176,r1a27n260,27,0,2.1955500000000003
1177,r1a27n270,27,0,2.22414
1178,r1a27n280,27,0,2.24117
1179,r1a27n290,27,0,2.1060100000000004
1180,r1a28n100,28,0,2.29297
1181,r1a28n110,28,0,2.11315
1182,r1a28n120,28,0,2.28683
1183,r1a28n130,28,0,2.0813200000000003
1184,r1a28n140,28,0,2.2763
1185,r1a28n150,28,0,2.32312
1186,r1a28n160,28,0,2.0896399999999997
1187,r1a28n170,28,0,2.2941599999999998
1188,r1a28n180,28,0,2.06348
1189,r1a28n190,28,0,2.1917600000000004
1190,r1a28n200,28,0,2.18843
1191,r1a28n210,28,0,2.2644499999999996
1192,r1a28n220,28,0,2.30796
1193,r1a28n230,28,0,2.14323
1194,r1a28n240,28,0,2.1733200000000004
1195,r1a28n250,28,0,2.3433
1196,r1a28n260,28,0,2.23391
1197,r1a28n270,28,0,2.07564
1198,r1a28n280,28,0,2.1470700000000003
1199,r1a28n290,28,0,2.29452
1200,r1a29n100,29,0,2.0816999999999997
1201,r1a29n110,29,0,2.24275
1202,r1a29n120,29,0,2.11956
1203,r1a29n130,29,0,2.29155
1204,r1a29n140,29,0,2.35527
1205,r1a29n150,29,0,2.2551
1206,r1a29n160,29,0,2.19388
1207,r1a29n170,29,0,2.34308
1208,r1a29n180,29,0,2.0812600000000003
1209,r1a29n190,29,0,2.1660399999999997
1210,r1a29n200,29,0,2.1008400000000003
1211,r1a29n210,29,0,2.06209
1212,r1a29n220,29,0,2.16567
1213,r1a29n230,29,0,2.29177
1214,r1a29n240,29,0,2.07446
1215,r1a29n250,29,0,2.16012
1216,r1a29n260,29,0,2.13496
1217,r1a29n270,29,0,2.21556
1218,r1a29n280,29,0,2.2759899999999997
1219,r1a29n290,29,0,2.16661
1220,r1a30n100,30,0,2.1792800000000003
1221,r1a30n110,30,0,2.28218
1222,r1a30n120,30,0,2.24008
1223,r1a30n130,30,0,2.0748200000000003
1224,r1a30n140,30,0,2.24706
1225,r1a30n150,30,0,2.26525
1226,r1a30n160,30,0,2.30075
1227,r1a30n170,30,0,2.21207
1228,r1a30n180,30,0,2.34299
1229,r1a30n190,30,0,2.2064
1230,r1a30n200,30,0,2.07282
1231,r1a30n210,30,0,2.3504699999999996
1232,r1a30n220,30,0,2.17563
1233,r1a30n230,30,0,2.35761
1234,r1a30n240,30,0,2.18536
1235,r1a30n250,30,0,2.0698600000000003
1236,r1a30n260,30,0,2.1456
1237,r1a30n270,30,0,2.2135700000000003
1238,r1a30n280,30,0,2.17329
1239,r1a30n290,30,0,2.2261599999999997
1240,r2a0n100,0,0,9.04307
1241,r2a0n110,0,0,8.374139999999999
1242,r2a0n120,0,0,8.60297
1243,r2a0n130,0,0,9.21826
1244,r2a0n140,0,0,8.58253
1245,r2a0n150,0,0,9.34449
1246,r2a0n160,0,0,8.52576
1247,r2a0n170,0,0,8.85816
1248,r2a0n180,0,0,8.51708
1249,r2a0n190,0,0,8.61833
1250,r2a0n200,0,0,8.40132
1251,r2a0n210,0,0,8.37173
1252,r2a0n220,0,0,8.6905
1253,r2a0n230,0,0,9.355459999999999
1254,r2a0n240,0,0,9.311399999999999
1255,r2a0n250,0,0,9.096
1256,r2a0n260,0,0,8.81564
1257,r2a0n270,0,0,8.81295
1258,r2a0n280,0,0,8.73652
1259,r2a0n290,0,0,8.51596
1260,r2a1n100,1,0,9.13935
1261,r2a1n110,1,0,8.36
1262,r2a1n120,1,0,9.159040000000001
1263,r2a1n130,1,0,8.80092
1264,r2a1n140,1,0,8.96497
1265,r2a1n150,1,0,8.89328
1266,r2a1n160,1,0,8.89956
1267,r2a1n170,1,0,9.09458
1268,r2a1n180,1,0,9.1279
1269,r2a1n190,1,0,9.46261
1270,r2a1n200,1,0,8.86311
1271,r2a1n210,1,0,9.283760000000001
1272,r2a1n220,1,0,9.26266
1273,r2a1n230,1,0,9.45545
1274,r2a1n240,1,0,8.6838
1275,r2a1n250,1,0,8.93159
1276,r2a1n260,1,0,9.268540000000002
1277,r2a1n270,1,0,8.524239999999999
1278,r2a1n280,1,0,8.365440000000001
1279,r2a1n290,1,0,8.40545
1280,r2a2n100,2,0,9.385459999999998
1281,r2a2n110,2,0,9.35948
1282,r2a2n120,2,0,8.75158
1283,r2a2n130,2,0,8.50651
1284,r2a2n140,2,0,9.32284
1285,r2a2n150,2,0,9.39337
1286,r2a2n160,2,0,8.82749
1287,r2a2n170,2,0,8.81407
1288,r2a2n180,2,0,9.233690000000001
1289,r2a2n190,2,0,8.99052
1290,r2a2n200,2,0,9.36355
1291,r2a2n210,2,0,8.53926
1292,r2a2n220,2,0,8.87832
1293,r2a2n230,2,0,8.64167
1294,r2a2n240,2,0,8.89741
1295,r2a2n250,2,0,9.170950000000001
1296,r2a2n260,2,0,9.11317
1297,r2a2n270,2,0,8.378770000000001
1298,r2a2n280,2,0,8.556209999999998
1299,r2a2n290,2,0,9.19741
1300,r2a3n100,3,0,8.84643
1301,r2a3n110,3,0,8.44644
1302,r2a3n120,3,0,9.100959999999999
1303,r2a3n130,3,0,8.4409
1304,r2a3n140,3,0,9.01826
1305,r2a3n150,3,0,8.995940000000001
1306,r2a3n160,3,0,9.455020000000001
1307,r2a3n170,3,0,9.01495
1308,r2a3n180,3,0,8.893
1309,r2a3n190,3,0,8.48513
1310,r2a3n200,3,0,8.41039
1311,r2a3n210,3,0,9.2609
1312,r2a3n220,3,0,9.1647
1313,r2a3n230,3,0,8.95357
1314,r2a3n240,3,0,9.10434
1315,r2a3n250,3,0,9.22535
1316,r2a3n260,3,0,9.39404
1317,r2a3n270,3,0,9.12753
1318,r2a3n280,3,0,9.230450000000001
1319,r2a3n290,3,0,8.68413
1320,r2a4n100,4,0,9.10804
1321,r2a4n110,4,0,8.84462
1322,r2a4n120,4,0,9.0465
1323,r2a4n130,4,0,8.417969999999999
1324,r2a4n140,4,0,8.51381
1325,r2a4n150,4,0,9.40493
1326,r2a4n160,4,0,8.91333
1327,r2a4n170,4,0,8.89116
1328,r2a4n180,4,0,8.429450000000001
1329,r2a4n190,4,0,9.180719999999999
1330,r2a4n200,4,0,8.69172
1331,r2a4n210,4,0,8.346
1332,r2a4n220,4,0,9.27684
1333,r2a4n230,4,0,8.930549999999998
1334,r2a4n240,4,0,8.781600000000001
1335,r2a4n250,4,0,9.25241
1336,r2a4n260,4,0,8.67735
1337,r2a4n270,4,0,8.413920000000001
1338,r2a4n280,4,0,8.7615
1339,r2a4n290,4,0,9.38397
1340,r2a5n100,5,1,8.60058
1341,r2a5n110,5,1,9.37684
1342,r2a5n120,5,1,9.27276
1343,r2a5n130,5,1,8.47677
1344,r2a5n140,5,1,8.54916
1345,r2a5n150,5,1,9.066870000000002
1346,r2a5n160,5,1,8.94026
1347,r2a5n170,5,1,8.49652
1348,r2a5n180,5,1,9.37783
1349,r2a5n190,5,1,9.29386
1350,r2a5n200,5,1,8.53527
1351,r2a5n210,5,1,8.499799999999999
1352,r2a5n220,5,1,8.34757
1353,r2a5n230,5,1,9.09277
1354,r2a5n240,5,1,8.38726
1355,r2a5n250,5,1,8.406709999999999
1356,r2a5n260,5,1,8.78581
1357,r2a5n270,5,1,8.44645
1358,r2a5n280,5,1,9.00916
1359,r2a5n290,5,1,9.302290000000001
1360,r2a6n100,6,1,9.41015
1361,r2a6n110,6,1,8.36466
1362,r2a6n120,6,1,9.33144
1363,r2a6n130,6,1,9.12285
1364,r2a6n140,6,1,8.812700000000001
1365,r2a6n150,6,1,9.171899999999999
1366,r2a6n160,6,1,9.411340000000001
1367,r2a6n170,6,1,9.078850000000001
1368,r2a6n180,6,1,8.40878
1369,r2a6n190,6,1,8.363850000000001
1370,r2a6n200,6,1,8.42292
1371,r2a6n210,6,1,8.3792
1372,r2a6n220,6,1,8.9209
1373,r2a6n230,6,1,9.27656
1374,r2a6n240,6,1,9.18717
1375,r2a6n250,6,1,9.14306
1376,r2a6n260,6,1,8.94474
1377,r2a6n270,6,1,9.32391
1378,r2a6n280,6,1,9.010299999999999
1379,r2a6n290,6,1,8.55269
1380,r2a7n100,7,1,9.43094
1381,r2a7n110,7,1,8.35932
1382,r2a7n120,7,1,8.52905
1383,r2a7n130,7,1,9.214469999999999
1384,r2a7n140,7,1,9.17964
1385,r2a7n150,7,1,9.24694
1386,r2a7n160,7,1,9.39699
1387,r2a7n170,7,1,9.127030000000001
1388,r2a7n180,7,1,8.926309999999999
1389,r2a7n190,7,1,9.03977
1390,r2a7n200,7,1,8.90467
1391,r2a7n210,7,1,9.43225
1392,r2a7n220,7,1,9.31639
1393,r2a7n230,7,1,8.54
1394,r2a7n240,7,1,8.96742
1395,r2a7n250,7,1,9.089870000000001
1396,r2a7n260,7,1,8.526399999999999
1397,r2a7n270,7,1,9.455200000000001
1398,r2a7n280,7,1,8.3431
1399,r2a7n290,7,1,9.05397
1400,r2a8n100,8,1,9.25118
1401,r2a8n110,8,1,8.578809999999999
1402,r2a8n120,8,1,8.56784
1403,r2a8n130,8,1,9.02488
1404,r2a8n140,8,1,8.61227
1405,r2a8n150,8,1,9.382100000000001
1406,r2a8n160,8,1,8.73923
1407,r2a8n170,8,1,8.95199
1408,r2a8n180,8,1,9.4611
1409,r2a8n190,8,1,8.756639999999999
1410,r2a8n200,8,1,8.468110000000001
1411,r2a8n210,8,1,8.695290000000002
1412,r2a8n220,8,1,8.67488
1413,r2a8n230,8,1,9.21545
1414,r2a8n240,8,1,9.41385
1415,r2a8n250,8,1,8.382430000000001
1416,r2a8n260,8,1,8.5724
1417,r2a8n270,8,1,9.1403
1418,r2a8n280,8,1,8.42041
1419,r2a8n290,8,1,8.41817
1420,r2a9n100,9,1,8.57109
1421,r2a9n110,9,1,9.177940000000001
1422,r2a9n120,9,1,8.78656
1423,r2a9n130,9,1,8.90525
1424,r2a9n140,9,1,8.74358
1425,r2a9n150,9,1,8.98531
1426,r2a9n160,9,1,9.38044
1427,r2a9n170,9,1,9.273340000000001
1428,r2a9n180,9,1,9.282549999999999
1429,r2a9n190,9,1,8.54287
1430,r2a9n200,9,1,8.60722
1431,r2a9n210,9,1,8.41728
1432,r2a9n220,9,1,9.29481
1433,r2a9n230,9,1,8.83474
1434,r2a9n240,9,1,8.3816
1435,r2a9n250,9,1,8.63313
1436,r2a9n260,9,1,9.20894
1437,r2a9n270,9,1,8.65145
1438,r2a9n280,9,1,9.41297
1439,r2a9n290,9,1,9.34525
1440,r2a10n100,10,0,9.07255
1441,r2a10n110,10,0,9.05523
1442,r2a10n120,10,0,9.29084
1443,r2a10n130,10,0,8.51969
1444,r2a10n140,10,0,9.20017
1445,r2a10n150,10,0,8.414879999999998
1446,r2a10n160,10,0,8.79232
1447,r2a10n170,10,0,9.01216
1448,r2a10n180,10,0,8.523520000000001
1449,r2a10n190,10,0,8.33951
1450,r2a10n200,10,0,8.38631
1451,r2a10n210,10,0,8.80277
1452,r2a10n220,10,0,8.59034
1453,r2a10n230,10,0,9.43443
1454,r2a10n240,10,0,8.94164
1455,r2a10n250,10,0,8.71094
1456,r2a10n260,10,0,9.43226
1457,r2a10n270,10,0,9.452969999999999
1458,r2a10n280,10,0,8.6795
1459,r2a10n290,10,0,9.135459999999998
1460,r2a11n100,11,0,9.19294
1461,r2a11n110,11,0,8.83692
1462,r2a11n120,11,0,8.59819
1463,r2a11n130,11,0,8.71316
1464,r2a11n140,11,0,9.358540000000001
1465,r2a11n150,11,0,8.66573
1466,r2a11n160,11,0,8.46332
1467,r2a11n170,11,0,9.34402
1468,r2a11n180,11,0,9.34778
1469,r2a11n190,11,0,9.04575
1470,r2a11n200,11,0,9.30265
1471,r2a11n210,11,0,9.29376
1472,r2a11n220,11,0,8.36895
1473,r2a11n230,11,0,9.000950000000001
1474,r2a11n240,11,0,8.82353
1475,r2a11n250,11,0,9.16049
1476,r2a11n260,11,0,8.49124
1477,r2a11n270,11,0,8.42501
1478,r2a11n280,11,0,9.31785
1479,r2a11n290,11,0,8.42747
1480,r2a12n100,12,0,9.20671
1481,r2a12n110,12,0,9.28298
1482,r2a12n120,12,0,9.1164
1483,r2a12n130,12,0,8.6154
1484,r2a12n140,12,0,8.447719999999999
1485,r2a12n150,12,0,8.345270000000001
1486,r2a12n160,12,0,8.62365
1487,r2a12n170,12,0,9.16652
1488,r2a12n180,12,0,9.204450000000001
1489,r2a12n190,12,0,8.76674
1490,r2a12n200,12,0,8.571549999999998
1491,r2a12n210,12,0,9.2183
1492,r2a12n220,12,0,9.08265
1493,r2a12n230,12,0,8.76919
1494,r2a12n240,12,0,9.198319999999999
1495,r2a12n250,12,0,8.95684
1496,r2a12n260,12,0,8.40723
1497,r2a12n270,12,0,9.12936
1498,r2a12n280,12,0,9.02778
1499,r2a12n290,12,0,9.264100000000001
1500,r2a13n100,13,0,8.34603
1501,r2a13n110,13,0,8.80815
1502,r2a13n120,13,0,9.06568
1503,r2a13n130,13,0,9.46751
1504,r2a13n140,13,0,9.00373
1505,r2a13n150,13,0,9.42592
1506,r2a13n160,13,0,8.80725
1507,r2a13n170,13,0,8.99946
1508,r2a13n180,13,0,9.02519
1509,r2a13n190,13,0,9.025409999999999
1510,r2a13n200,13,0,9.37064
1511,r2a13n210,13,0,9.44208
1512,r2a13n220,13,0,9.44884
1513,r2a13n230,13,0,9.445409999999999
1514,r2a13n240,13,0,9.02634
1515,r2a13n250,13,0,9.38773
1516,r2a13n260,13,0,9.2956
1517,r2a13n270,13,0,8.570440000000001
1518,r2a13n280,13,0,9.1676
1519,r2a13n290,13,0,8.467799999999999
1520,r2a14n100,14,0,8.39062
1521,r2a14n110,14,0,8.66457
1522,r2a14n120,14,0,8.36045
1523,r2a14n130,14,0,8.981620000000001
1524,r2a14n140,14,0,8.38269
1525,r2a14n150,14,0,8.59242
1526,r2a14n160,14,0,9.350340000000001
1527,r2a14n170,14,0,8.617709999999999
1528,r2a14n180,14,0,9.422139999999999
1529,r2a14n190,14,0,9.13194
1530,r2a14n200,14,0,8.99169
1531,r2a14n210,14,0,9.35549
1532,r2a14n220,14,0,9.04468
1533,r2a14n230,14,0,8.8508
1534,r2a14n240,14,0,8.744309999999999
1535,r2a14n250,14,0,8.77765
1536,r2a14n260,14,0,8.46636
1537,r2a14n270,14,0,8.85132
1538,r2a14n280,14,0,9.13105
1539,r2a14n290,14,0,8.425180000000001
1540,r2a15n100,15,0,8.44023
1541,r2a15n110,15,0,9.15156
1542,r2a15n120,15,0,8.84204
1543,r2a15n130,15,0,8.58241
1544,r2a15n140,15,0,8.48459
1545,r2a15n150,15,0,8.69237
1546,r2a15n160,15,0,9.172469999999999
1547,r2a15n170,15,0,8.89652
1548,r2a15n180,15,0,9.240680000000001
1549,r2a15n190,15,0,8.539200000000001
1550,r2a15n200,15,0,8.53233
1551,r2a15n210,15,0,8.81062
1552,r2a15n220,15,0,9.358559999999999
1553,r2a15n230,15,0,8.45108
1554,r2a15n240,15,0,9.40141
1555,r2a15n250,15,0,9.04451
1556,r2a15n260,15,0,9.32624
1557,r2a15n270,15,0,9.45803
1558,r2a15n280,15,0,8.49601
1559,r2a15n290,15,0,8.71631
1560,r2a16n100,16,0,9.410620000000002
1561,r2a16n110,16,0,8.376299999999999
1562,r2a16n120,16,0,8.47801
1563,r2a16n130,16,0,8.66915
1564,r2a16n140,16,0,9.336549999999999
1565,r2a16n150,16,0,9.4037
1566,r2a16n160,16,0,9.26593
1567,r2a16n170,16,0,8.42636
1568,r2a16n180,16,0,8.97947
1569,r2a16n190,16,0,9.069870000000002
1570,r2a16n200,16,0,8.992540000000002
1571,r2a16n210,16,0,9.08964
1572,r2a16n220,16,0,8.63429
1573,r2a16n230,16,0,8.70608
1574,r2a16n240,16,0,8.43888
1575,r2a16n250,16,0,8.97205
1576,r2a16n260,16,0,8.60268
1577,r2a16n270,16,0,9.27764
1578,r2a16n280,16,0,8.455290000000002
1579,r2a16n290,16,0,9.32708
1580,r2a17n100,17,0,8.50376
1581,r2a17n110,17,0,8.92649
1582,r2a17n120,17,0,8.61444
1583,r2a17n130,17,0,8.372309999999999
1584,r2a17n140,17,0,8.38883
1585,r2a17n150,17,0,9.193610000000001
1586,r2a17n160,17,0,8.420219999999999
1587,r2a17n170,17,0,8.49038
1588,r2a17n180,17,0,9.404950000000001
1589,r2a17n190,17,0,8.7566
1590,r2a17n200,17,0,9.44314
1591,r2a17n210,17,0,8.80241
1592,r2a17n220,17,0,8.60175
1593,r2a17n230,17,0,8.64376
1594,r2a17n240,17,0,9.428450000000002
1595,r2a17n250,17,0,9.17264
1596,r2a17n260,17,0,8.74667
1597,r2a17n270,17,0,8.5417
1598,r2a17n280,17,0,8.881969999999999
1599,r2a17n290,17,0,8.41107
1600,r2a18n100,18,0,8.542459999999998
1601,r2a18n110,18,0,9.45302
1602,r2a18n120,18,0,8.905520000000001
1603,r2a18n130,18,0,9.44618
1604,r2a18n140,18,0,9.314309999999999
1605,r2a18n150,18,0,9.218290000000001
1606,r2a18n160,18,0,8.93391
1607,r2a18n170,18,0,8.55167
1608,r2a18n180,18,0,8.38444
1609,r2a18n190,18,0,9.32733
1610,r2a18n200,18,0,9.05352
1611,r2a18n210,18,0,8.86071
1612,r2a18n220,18,0,8.35972
1613,r2a18n230,18,0,8.46591
1614,r2a18n240,18,0,8.79519
1615,r2a18n250,18,0,9.12634
1616,r2a18n260,18,0,8.80156
1617,r2a18n270,18,0,9.24604
1618,r2a18n280,18,0,8.708120000000001
1619,r2a18n290,18,0,9.0365
1620,r2a19n100,19,0,8.564110000000001
1621,r2a19n110,19,0,9.465969999999999
1622,r2a19n120,19,0,9.28359
1623,r2a19n130,19,0,8.74944
1624,r2a19n140,19,0,8.62506
1625,r2a19n150,19,0,8.967870000000001
1626,r2a19n160,19,0,8.353860000000001
1627,r2a19n170,19,0,9.17908
1628,r2a19n180,19,0,8.927100000000001
1629,r2a19n190,19,0,9.06586
1630,r2a19n200,19,0,8.99824
1631,r2a19n210,19,0,8.58071
1632,r2a19n220,19,0,8.79184
1633,r2a19n230,19,0,9.391729999999999
1634,r2a19n240,19,0,9.08944
1635,r2a19n250,19,0,8.59032
1636,r2a19n260,19,0,9.345229999999999
1637,r2a19n270,19,0,8.848120000000002
1638,r2a19n280,19,0,8.90232
1639,r2a19n290,19,0,8.36481
1640,r2a20n100,20,0,9.407440000000001
1641,r2a20n110,20,0,9.465969999999999
1642,r2a20n120,20,0,8.54964
1643,r2a20n130,20,0,9.11917
1644,r2a20n140,20,0,8.482040000000001
1645,r2a20n150,20,0,9.23697
1646,r2a20n160,20,0,9.23236
1647,r2a20n170,20,0,9.40805
1648,r2a20n180,20,0,9.34396
1649,r2a20n190,20,0,9.15972
1650,r2a20n200,20,0,8.34458
1651,r2a20n210,20,0,8.66851
1652,r2a20n220,20,0,9.34467
1653,r2a20n230,20,0,9.11153
1654,r2a20n240,20,0,9.005540000000002
1655,r2a20n250,20,0,8.73275
1656,r2a20n260,20,0,9.26965
1657,r2a20n270,20,0,8.61527
1658,r2a20n280,20,0,8.793190000000001
1659,r2a20n290,20,0,8.36378
1660,r2a21n100,21,0,8.77502
1661,r2a21n110,21,0,9.069930000000001
1662,r2a21n120,21,0,8.70448
1663,r2a21n130,21,0,8.94539
1664,r2a21n140,21,0,9.023629999999999
1665,r2a21n150,21,0,9.196
1666,r2a21n160,21,0,9.03576
1667,r2a21n170,21,0,9.28386
1668,r2a21n180,21,0,9.13056
1669,r2a21n190,21,0,8.83435
1670,r2a21n200,21,0,8.68612
1671,r2a21n210,21,0,9.23908
1672,r2a21n220,21,0,8.60787
1673,r2a21n230,21,0,8.70389
1674,r2a21n240,21,0,9.44634
1675,r2a21n250,21,0,8.90174
1676,r2a21n260,21,0,9.15138
1677,r2a21n270,21,0,8.809389999999999
1678,r2a21n280,21,0,8.408190000000001
1679,r2a21n290,21,0,9.05622
1680,r2a22n100,22,0,9.44192
1681,r2a22n110,22,0,9.053780000000001
1682,r2a22n120,22,0,8.647530000000001
1683,r2a22n130,22,0,8.53388
1684,r2a22n140,22,0,8.49544
1685,r2a22n150,22,0,8.934610000000001
1686,r2a22n160,22,0,9.317620000000002
1687,r2a22n170,22,0,8.81542
1688,r2a22n180,22,0,8.75384
1689,r2a22n190,22,0,8.387979999999999
1690,r2a22n200,22,0,8.99166
1691,r2a22n210,22,0,8.8747
1692,r2a22n220,22,0,8.42143
1693,r2a22n230,22,0,8.92546
1694,r2a22n240,22,0,8.91535
1695,r2a22n250,22,0,9.28338
1696,r2a22n260,22,0,8.75891
1697,r2a22n270,22,0,8.468020000000001
1698,r2a22n280,22,0,9.00581
1699,r2a22n290,22,0,8.521600000000001
1700,r2a23n100,23,0,9.055299999999999
1701,r2a23n110,23,0,9.37914
1702,r2a23n120,23,0,8.54786
1703,r2a23n130,23,0,8.91226
1704,r2a23n140,23,0,8.73619
1705,r2a23n150,23,0,8.947
1706,r2a23n160,23,0,8.59105
1707,r2a23n170,23,0,9.42603
1708,r2a23n180,23,0,9.02498
1709,r2a23n190,23,0,8.34324
1710,r2a23n200,23,0,8.62967
1711,r2a23n210,23,0,8.712969999999999
1712,r2a23n220,23,0,8.69233
1713,r2a23n230,23,0,9.355030000000001
1714,r2a23n240,23,0,8.787540000000002
1715,r2a23n250,23,0,8.96384
1716,r2a23n260,23,0,9.21279
1717,r2a23n270,23,0,8.48544
1718,r2a23n280,23,0,8.592120000000001
1719,r2a23n290,23,0,8.80511
1720,r2a24n100,24,0,9.08357
1721,r2a24n110,24,0,8.852139999999999
1722,r2a24n120,24,0,8.64105
1723,r2a24n130,24,0,9.15706
1724,r2a24n140,24,0,9.355360000000001
1725,r2a24n150,24,0,9.30644
1726,r2a24n160,24,0,9.40559
1727,r2a24n170,24,0,9.426870000000001
1728,r2a24n180,24,0,9.065100000000001
1729,r2a24n190,24,0,9.20237
1730,r2a24n200,24,0,8.89499
1731,r2a24n210,24,0,8.51129
1732,r2a24n220,24,0,9.31723
1733,r2a24n230,24,0,8.79416
1734,r2a24n240,24,0,9.31367
1735,r2a24n250,24,0,9.27149
1736,r2a24n260,24,0,9.14975
1737,r2a24n270,24,0,8.405629999999999
1738,r2a24n280,24,0,8.47092
1739,r2a24n290,24,0,8.9308
1740,r2a25n100,25,0,8.85168
1741,r2a25n110,25,0,8.547600000000001
1742,r2a25n120,25,0,9.17973
1743,r2a25n130,25,0,9.05472
1744,r2a25n140,25,0,8.79911
1745,r2a25n150,25,0,8.830129999999999
1746,r2a25n160,25,0,9.366530000000001
1747,r2a25n170,25,0,9.11066
1748,r2a25n180,25,0,8.53176
1749,r2a25n190,25,0,9.304129999999999
1750,r2a25n200,25,0,8.43431
1751,r2a25n210,25,0,8.50113
1752,r2a25n220,25,0,8.65434
1753,r2a25n230,25,0,9.33847
1754,r2a25n240,25,0,9.334040000000002
1755,r2a25n250,25,0,9.289530000000001
1756,r2a25n260,25,0,8.82255
1757,r2a25n270,25,0,8.56349
1758,r2a25n280,25,0,9.28346
1759,r2a25n290,25,0,9.11182
1760,r2a26n100,26,0,8.77912
1761,r2a26n110,26,0,8.82546
1762,r2a26n120,26,0,8.96294
1763,r2a26n130,26,0,9.14667
1764,r2a26n140,26,0,9.41454
1765,r2a26n150,26,0,8.86183
1766,r2a26n160,26,0,9.09248
1767,r2a26n170,26,0,9.25943
1768,r2a26n180,26,0,9.43151
1769,r2a26n190,26,0,8.59182
1770,r2a26n200,26,0,8.42861
1771,r2a26n210,26,0,8.55457
1772,r2a26n220,26,0,8.40602
1773,r2a26n230,26,0,8.89291
1774,r2a26n240,26,0,8.92601
1775,r2a26n250,26,0,9.15063
1776,r2a26n260,26,0,8.451270000000001
1777,r2a26n270,26,0,8.850299999999999
1778,r2a26n280,26,0,8.77849
1779,r2a26n290,26,0,8.48851
1780,r2a27n100,27,0,9.31661
1781,r2a27n110,27,0,9.39013
1782,r2a27n120,27,0,8.40112
1783,r2a27n130,27,0,8.9731
1784,r2a27n140,27,0,8.6356
1785,r2a27n150,27,0,8.353909999999999
1786,r2a27n160,27,0,8.43684
1787,r2a27n170,27,0,8.44552
1788,r2a27n180,27,0,8.93305
1789,r2a27n190,27,0,9.16294
1790,r2a27n200,27,0,8.58186
1791,r2a27n210,27,0,8.85769
1792,r2a27n220,27,0,9.27133
1793,r2a27n230,27,0,8.6558
1794,r2a27n240,27,0,8.4991
1795,r2a27n250,27,0,9.05009
1796,r2a27n260,27,0,9.2049
1797,r2a27n270,27,0,9.29368
1798,r2a27n280,27,0,9.15802
1799,r2a27n290,27,0,9.28384
1800,r2a28n100,28,0,8.47274
1801,r2a28n110,28,0,9.13342
1802,r2a28n120,28,0,8.45261
1803,r2a28n130,28,0,8.3375
1804,r2a28n140,28,0,8.69153
1805,r2a28n150,28,0,8.454270000000001
1806,r2a28n160,28,0,9.180399999999999
1807,r2a28n170,28,0,9.37466
1808,r2a28n180,28,0,8.62181
1809,r2a28n190,28,0,8.3947
1810,r2a28n200,28,0,8.72871
1811,r2a28n210,28,0,8.614
1812,r2a28n220,28,0,9.01297
1813,r2a28n230,28,0,8.75003
1814,r2a28n240,28,0,9.0245
1815,r2a28n250,28,0,9.46362
1816,r2a28n260,28,0,8.34323
1817,r2a28n270,28,0,8.65377
1818,r2a28n280,28,0,8.761610000000001
1819,r2a28n290,28,0,8.85751
1820,r2a29n100,29,0,9.181700000000001
1821,r2a29n110,29,0,8.4745
1822,r2a29n120,29,0,9.120940000000001
1823,r2a29n130,29,0,8.99606
1824,r2a29n140,29,0,8.36097
1825,r2a29n150,29,0,9.44549
1826,r2a29n160,29,0,8.790049999999999
1827,r2a29n170,29,0,9.43811
1828,r2a29n180,29,0,8.95332
1829,r2a29n190,29,0,8.68675
1830,r2a29n200,29,0,8.9235
1831,r2a29n210,29,0,8.34266
1832,r2a29n220,29,0,8.94506
1833,r2a29n230,29,0,8.86239
1834,r2a29n240,29,0,8.36787
1835,r2a29n250,29,0,8.694469999999999
1836,r2a29n260,29,0,9.32964
1837,r2a29n270,29,0,9.39798
1838,r2a29n280,29,0,8.98115
1839,r2a29n290,29,0,9.24393
1840,r2a30n100,30,0,9.224620000000002
1841,r2a30n110,30,0,8.82849
1842,r2a30n120,30,0,8.35486
1843,r2a30n130,30,0,8.634229999999999
1844,r2a30n140,30,0,9.4331
1845,r2a30n150,30,0,8.828299999999999
1846,r2a30n160,30,0,9.14058
1847,r2a30n170,30,0,9.13035
1848,r2a30n180,30,0,8.55643
1849,r2a30n190,30,0,9.313889999999999
1850,r2a30n200,30,0,8.77725
1851,r2a30n210,30,0,9.18192
1852,r2a30n220,30,0,9.00994
1853,r2a30n230,30,0,8.37631
1854,r2a30n240,30,0,8.920530000000001
1855,r2a30n250,30,0,9.241969999999998
1856,r2a30n260,30,0,9.261610000000001
1857,r2a30n270,30,0,8.53152
1858,r2a30n280,30,0,8.58116
1859,r2a30n290,30,0,9.106459999999998
1860,r3a0n100,0,0,37.22331
1861,r3a0n110,0,0,36.601169999999996
1862,r3a0n120,0,0,38.4319
1863,r3a0n130,0,0,37.00429
1864,r3a0n140,0,0,37.67154
1865,r3a0n150,0,0,35.489129999999996
1866,r3a0n160,0,0,36.28116000000001
1867,r3a0n170,0,0,39.46792
1868,r3a0n180,0,0,36.69462
1869,r3a0n190,0,0,36.643440000000005
1870,r3a0n200,0,0,37.70998
1871,r3a0n210,0,0,37.230290000000004
1872,r3a0n220,0,0,35.776650000000004
1873,r3a0n230,0,0,36.1181
1874,r3a0n240,0,0,35.778870000000005
1875,r3a0n250,0,0,39.984919999999995
1876,r3a0n260,0,0,37.67669
1877,r3a0n270,0,0,38.532779999999995
1878,r3a0n280,0,0,35.83828
1879,r3a0n290,0,0,39.96839
1880,r3a1n100,1,0,35.503569999999996
1881,r3a1n110,1,0,35.42809
1882,r3a1n120,1,0,36.33721
1883,r3a1n130,1,0,39.845330000000004
1884,r3a1n140,1,0,38.67383
1885,r3a1n150,1,0,39.25174
1886,r3a1n160,1,0,37.73523
1887,r3a1n170,1,0,38.13926
1888,r3a1n180,1,0,38.92548
1889,r3a1n190,1,0,37.48907
1890,r3a1n200,1,0,36.58246
1891,r3a1n210,1,0,36.44769
1892,r3a1n220,1,0,38.64864
1893,r3a1n230,1,0,36.61846
1894,r3a1n240,1,0,38.280440000000006
1895,r3a1n250,1,0,36.33427
1896,r3a1n260,1,0,36.776309999999995
1897,r3a1n270,1,0,36.62453
1898,r3a1n280,1,0,35.39057
1899,r3a1n290,1,0,35.67792
1900,r3a2n100,2,0,37.88336
1901,r3a2n110,2,0,38.74875
1902,r3a2n120,2,0,37.41063
1903,r3a2n130,2,0,36.3201
1904,r3a2n140,2,0,37.13184
1905,r3a2n150,2,0,35.51631
1906,r3a2n160,2,0,35.68986
1907,r3a2n170,2,0,35.636120000000005
1908,r3a2n180,2,0,37.52586
1909,r3a2n190,2,0,35.2419
1910,r3a2n200,2,0,36.331540000000004
1911,r3a2n210,2,0,37.76181
1912,r3a2n220,2,0,39.36473
1913,r3a2n230,2,0,37.31632
1914,r3a2n240,2,0,37.93061
1915,r3a2n250,2,0,35.28732
1916,r3a2n260,2,0,37.50582
1917,r3a2n270,2,0,39.569379999999995
1918,r3a2n280,2,0,39.10114
1919,r3a2n290,2,0,38.62227
1920,r3a3n100,3,0,37.370160000000006
1921,r3a3n110,3,0,39.36539
1922,r3a3n120,3,0,38.09585
1923,r3a3n130,3,0,36.87784
1924,r3a3n140,3,0,37.77753
1925,r3a3n150,3,0,38.73058
1926,r3a3n160,3,0,38.99549
1927,r3a3n170,3,0,37.54308
1928,r3a3n180,3,0,36.31098
1929,r3a3n190,3,0,39.473279999999995
1930,r3a3n200,3,0,38.67706
1931,r3a3n210,3,0,35.25148
1932,r3a3n220,3,0,38.41387
1933,r3a3n230,3,0,38.412349999999996
1934,r3a3n240,3,0,37.33293
1935,r3a3n250,3,0,38.61562
1936,r3a3n260,3,0,37.897870000000005
1937,r3a3n270,3,0,37.61982
1938,r3a3n280,3,0,35.52765
1939,r3a3n290,3,0,35.65325
1940,r3a4n100,4,0,36.33253
1941,r3a4n110,4,0,37.18482
1942,r3a4n120,4,0,38.575660000000006
1943,r3a4n130,4,0,39.13257
1944,r3a4n140,4,0,39.488080000000004
1945,r3a4n150,4,0,37.86935
1946,r3a4n160,4,0,36.590129999999995
1947,r3a4n170,4,0,37.98385
1948,r3a4n180,4,0,39.30814
1949,r3a4n190,4,0,37.299769999999995
1950,r3a4n200,4,0,39.04422
1951,r3a4n210,4,0,37.38945
1952,r3a4n220,4,0,37.59192
1953,r3a4n230,4,0,35.71294
1954,r3a4n240,4,0,36.42326
1955,r3a4n250,4,0,35.381339999999994
1956,r3a4n260,4,0,36.62808999999999
1957,r3a4n270,4,0,35.28178
1958,r3a4n280,4,0,37.517
1959,r3a4n290,4,0,36.69496
1960,r3a5n100,5,1,37.08349
1961,r3a5n110,5,1,36.060410000000005
1962,r3a5n120,5,1,36.63128
1963,r3a5n130,5,1,38.38513
1964,r3a5n140,5,1,39.290769999999995
1965,r3a5n150,5,1,37.12034
1966,r3a5n160,5,1,39.39701
1967,r3a5n170,5,1,39.364309999999996
1968,r3a5n180,5,1,36.5251
1969,r3a5n190,5,1,39.9886
1970,r3a5n200,5,1,38.63172
1971,r3a5n210,5,1,39.88882
1972,r3a5n220,5,1,35.58364
1973,r3a5n230,5,1,38.62698
1974,r3a5n240,5,1,38.47561
1975,r3a5n250,5,1,36.71072
1976,r3a5n260,5,1,35.637660000000004
1977,r3a5n270,5,1,36.88793
1978,r3a5n280,5,1,37.146089999999994
1979,r3a5n290,5,1,35.65233
1980,r3a6n100,6,1,38.750260000000004
1981,r3a6n110,6,1,37.23255
1982,r3a6n120,6,1,36.26815
1983,r3a6n130,6,1,35.89293
1984,r3a6n140,6,1,38.5266
1985,r3a6n150,6,1,39.51435
1986,r3a6n160,6,1,39.81472
1987,r3a6n170,6,1,36.39463
1988,r3a6n180,6,1,39.853410000000004
1989,r3a6n190,6,1,36.71079
1990,r3a6n200,6,1,37.08638
1991,r3a6n210,6,1,39.300650000000005
1992,r3a6n220,6,1,37.898900000000005
1993,r3a6n230,6,1,39.22265
1994,r3a6n240,6,1,36.8303
1995,r3a6n250,6,1,36.96957
1996,r3a6n260,6,1,38.08132
1997,r3a6n270,6,1,37.00694
1998,r3a6n280,6,1,38.155809999999995
1999,r3a6n290,6,1,36.99437
2000,r3a7n100,7,1,38.23689
2001,r3a7n110,7,1,38.40922
2002,r3a7n120,7,1,38.553160000000005
2003,r3a7n130,7,1,38.83173
2004,r3a7n140,7,1,38.73639
2005,r3a7n150,7,1,37.63111
2006,r3a7n160,7,1,35.630669999999995
2007,r3a7n170,7,1,37.95474
2008,r3a7n180,7,1,37.557919999999996
2009,r3a7n190,7,1,38.99349
2010,r3a7n200,7,1,37.67888
2011,r3a7n210,7,1,39.608309999999996
2012,r3a7n220,7,1,38.11002
2013,r3a7n230,7,1,35.43215
2014,r3a7n240,7,1,35.523089999999996
2015,r3a7n250,7,1,37.79877
2016,r3a7n260,7,1,36.76776
2017,r3a7n270,7,1,37.61236
2018,r3a7n280,7,1,39.54083
2019,r3a7n290,7,1,39.53848
2020,r3a8n100,8,1,35.27211
2021,r3a8n110,8,1,38.01633
2022,r3a8n120,8,1,37.11402
2023,r3a8n130,8,1,36.67871
2024,r3a8n140,8,1,38.228550000000006
2025,r3a8n150,8,1,39.8482
2026,r3a8n160,8,1,35.36427
2027,r3a8n170,8,1,39.386540000000004
2028,r3a8n180,8,1,39.87447
2029,r3a8n190,8,1,37.50028
2030,r3a8n200,8,1,36.55564
2031,r3a8n210,8,1,35.8153
2032,r3a8n220,8,1,37.564260000000004
2033,r3a8n230,8,1,38.10707
2034,r3a8n240,8,1,35.90911
2035,r3a8n250,8,1,38.656510000000004
2036,r3a8n260,8,1,37.80697
2037,r3a8n270,8,1,37.640339999999995
2038,r3a8n280,8,1,38.01064
2039,r3a8n290,8,1,36.4498
2040,r3a9n100,9,1,38.9863
2041,r3a9n110,9,1,37.02568
2042,r3a9n120,9,1,36.549910000000004
2043,r3a9n130,9,1,39.50118
2044,r3a9n140,9,1,37.71276
2045,r3a9n150,9,1,36.792269999999995
2046,r3a9n160,9,1,37.7005
2047,r3a9n170,9,1,37.633309999999994
2048,r3a9n180,9,1,39.99424
2049,r3a9n190,9,1,38.86287
2050,r3a9n200,9,1,35.73556
2051,r3a9n210,9,1,37.45364
2052,r3a9n220,9,1,39.27778
2053,r3a9n230,9,1,38.85983
2054,r3a9n240,9,1,38.24873
2055,r3a9n250,9,1,39.960029999999996
2056,r3a9n260,9,1,35.588300000000004
2057,r3a9n270,9,1,39.27374
2058,r3a9n280,9,1,37.366440000000004
2059,r3a9n290,9,1,35.30175
2060,r3a10n100,10,0,36.36187
2061,r3a10n110,10,0,39.12114
2062,r3a10n120,10,0,35.870650000000005
2063,r3a10n130,10,0,38.88326
2064,r3a10n140,10,0,39.28133999999999
2065,r3a10n150,10,0,38.5344
2066,r3a10n160,10,0,37.49015
2067,r3a10n170,10,0,38.44005
2068,r3a10n180,10,0,39.103
2069,r3a10n190,10,0,36.6649
2070,r3a10n200,10,0,39.031279999999995
2071,r3a10n210,10,0,37.195519999999995
2072,r3a10n220,10,0,37.90501999999999
2073,r3a10n230,10,0,39.6124
2074,r3a10n240,10,0,39.58081
2075,r3a10n250,10,0,36.313050000000004
2076,r3a10n260,10,0,36.80777
2077,r3a10n270,10,0,39.3145
2078,r3a10n280,10,0,36.39181
2079,r3a10n290,10,0,39.622910000000005
2080,r3a11n100,11,0,36.685
2081,r3a11n110,11,0,37.0538
2082,r3a11n120,11,0,36.25326999999999
2083,r3a11n130,11,0,35.34968
2084,r3a11n140,11,0,36.7375
2085,r3a11n150,11,0,38.18575
2086,r3a11n160,11,0,36.00409
2087,r3a11n170,11,0,39.93712
2088,r3a11n180,11,0,38.81106
2089,r3a11n190,11,0,36.83487
2090,r3a11n200,11,0,39.416
2091,r3a11n210,11,0,38.45738
2092,r3a11n220,11,0,35.318709999999996
2093,r3a11n230,11,0,37.53979
2094,r3a11n240,11,0,37.01699
2095,r3a11n250,11,0,39.88039
2096,r3a11n260,11,0,36.01835
2097,r3a11n270,11,0,39.52666000000001
2098,r3a11n280,11,0,38.33305
2099,r3a11n290,11,0,37.525150000000004
2100,r3a12n100,12,0,37.057629999999996
2101,r3a12n110,12,0,39.90732
2102,r3a12n120,12,0,38.21508
2103,r3a12n130,12,0,39.15879
2104,r3a12n140,12,0,35.72743
2105,r3a12n150,12,0,35.927620000000005
2106,r3a12n160,12,0,35.546730000000004
2107,r3a12n170,12,0,38.73973
2108,r3a12n180,12,0,38.28543
2109,r3a12n190,12,0,39.28631
2110,r3a12n200,12,0,37.88588
2111,r3a12n210,12,0,37.713660000000004
2112,r3a12n220,12,0,38.63142
2113,r3a12n230,12,0,39.49035
2114,r3a12n240,12,0,39.16521
2115,r3a12n250,12,0,37.75989
2116,r3a12n260,12,0,36.84928
2117,r3a12n270,12,0,38.5199
2118,r3a12n280,12,0,38.60796
2119,r3a12n290,12,0,38.35907
2120,r3a13n100,13,0,39.2928
2121,r3a13n110,13,0,39.468669999999996
2122,r3a13n120,13,0,39.12468
2123,r3a13n130,13,0,35.54627
2124,r3a13n140,13,0,38.809129999999996
2125,r3a13n150,13,0,37.05618
2126,r3a13n160,13,0,36.239940000000004
2127,r3a13n170,13,0,35.95249
2128,r3a13n180,13,0,38.928290000000004
2129,r3a13n190,13,0,39.90846
2130,r3a13n200,13,0,37.011449999999996
2131,r3a13n210,13,0,39.669050000000006
2132,r3a13n220,13,0,38.318949999999994
2133,r3a13n230,13,0,39.94054
2134,r3a13n240,13,0,37.19648
2135,r3a13n250,13,0,37.41221
2136,r3a13n260,13,0,39.47648
2137,r3a13n270,13,0,38.47115
2138,r3a13n280,13,0,39.73265
2139,r3a13n290,13,0,37.8204
2140,r3a14n100,14,0,36.13893
2141,r3a14n110,14,0,37.87576
2142,r3a14n120,14,0,35.96214
2143,r3a14n130,14,0,37.16183
2144,r3a14n140,14,0,39.22703
2145,r3a14n150,14,0,37.58068
2146,r3a14n160,14,0,37.502120000000005
2147,r3a14n170,14,0,39.64154
2148,r3a14n180,14,0,37.608230000000006
2149,r3a14n190,14,0,38.29203
2150,r3a14n200,14,0,35.69619
2151,r3a14n210,14,0,37.71097
2152,r3a14n220,14,0,35.55303
2153,r3a14n230,14,0,36.409639999999996
2154,r3a14n240,14,0,36.51621
2155,r3a14n250,14,0,37.46535
2156,r3a14n260,14,0,38.615
2157,r3a14n270,14,0,38.43322
2158,r3a14n280,14,0,37.05663
2159,r3a14n290,14,0,36.33444
2160,r3a15n100,15,0,36.95361
2161,r3a15n110,15,0,37.250260000000004
2162,r3a15n120,15,0,37.802910000000004
2163,r3a15n130,15,0,39.27095
2164,r3a15n140,15,0,38.09819
2165,r3a15n150,15,0,35.75723
2166,r3a15n160,15,0,37.11133
2167,r3a15n170,15,0,39.25046
2168,r3a15n180,15,0,36.528800000000004
2169,r3a15n190,15,0,38.90793
2170,r3a15n200,15,0,36.09849
2171,r3a15n210,15,0,35.414970000000004
2172,r3a15n220,15,0,36.96835
2173,r3a15n230,15,0,39.61376
2174,r3a15n240,15,0,35.625980000000006
2175,r3a15n250,15,0,37.576010000000004
2176,r3a15n260,15,0,36.71886
2177,r3a15n270,15,0,38.933279999999996
2178,r3a15n280,15,0,36.605470000000004
2179,r3a15n290,15,0,38.89533
2180,r3a16n100,16,0,35.57439
2181,r3a16n110,16,0,37.00114
2182,r3a16n120,16,0,38.35557
2183,r3a16n130,16,0,39.43226
2184,r3a16n140,16,0,36.00721
2185,r3a16n150,16,0,38.67568
2186,r3a16n160,16,0,38.076080000000005
2187,r3a16n170,16,0,37.96061
2188,r3a16n180,16,0,38.453089999999996
2189,r3a16n190,16,0,36.763220000000004
2190,r3a16n200,16,0,39.704629999999995
2191,r3a16n210,16,0,39.22901
2192,r3a16n220,16,0,38.14514
2193,r3a16n230,16,0,39.80186
2194,r3a16n240,16,0,38.390519999999995
2195,r3a16n250,16,0,35.597190000000005
2196,r3a16n260,16,0,37.198029999999996
2197,r3a16n270,16,0,35.86474
2198,r3a16n280,16,0,36.40776
2199,r3a16n290,16,0,38.611599999999996
2200,r3a17n100,17,0,36.49457
2201,r3a17n110,17,0,36.15169
2202,r3a17n120,17,0,35.94177
2203,r3a17n130,17,0,35.2846
2204,r3a17n140,17,0,38.07628
2205,r3a17n150,17,0,35.62055
2206,r3a17n160,17,0,36.96545
2207,r3a17n170,17,0,35.71482
2208,r3a17n180,17,0,35.58142
2209,r3a17n190,17,0,39.81346
2210,r3a17n200,17,0,40.02676
2211,r3a17n210,17,0,39.70986
2212,r3a17n220,17,0,38.88203
2213,r3a17n230,17,0,39.47761
2214,r3a17n240,17,0,39.15473
2215,r3a17n250,17,0,36.1669
2216,r3a17n260,17,0,39.16009
2217,r3a17n270,17,0,36.52824
2218,r3a17n280,17,0,36.658199999999994
2219,r3a17n290,17,0,35.6586
2220,r3a18n100,18,0,38.39185
2221,r3a18n110,18,0,37.77538
2222,r3a18n120,18,0,39.94362
2223,r3a18n130,18,0,35.76652
2224,r3a18n140,18,0,36.743230000000004
2225,r3a18n150,18,0,39.636269999999996
2226,r3a18n160,18,0,35.80073
2227,r3a18n170,18,0,38.09901
2228,r3a18n180,18,0,36.443580000000004
2229,r3a18n190,18,0,38.59176
2230,r3a18n200,18,0,39.5312
2231,r3a18n210,18,0,36.34025
2232,r3a18n220,18,0,38.72999
2233,r3a18n230,18,0,36.24844
2234,r3a18n240,18,0,35.62814
2235,r3a18n250,18,0,37.12464
2236,r3a18n260,18,0,36.7385
2237,r3a18n270,18,0,36.5904
2238,r3a18n280,18,0,39.01688
2239,r3a18n290,18,0,35.31947
2240,r3a19n100,19,0,38.77572
2241,r3a19n110,19,0,38.43122
2242,r3a19n120,19,0,37.18282
2243,r3a19n130,19,0,38.68302
2244,r3a19n140,19,0,39.31848
2245,r3a19n150,19,0,39.526050000000005
2246,r3a19n160,19,0,39.85719
2247,r3a19n170,19,0,36.69661
2248,r3a19n180,19,0,35.69483
2249,r3a19n190,19,0,39.284150000000004
2250,r3a19n200,19,0,39.84775
2251,r3a19n210,19,0,39.26679
2252,r3a19n220,19,0,39.06428
2253,r3a19n230,19,0,37.274
2254,r3a19n240,19,0,35.695769999999996
2255,r3a19n250,19,0,37.28247
2256,r3a19n260,19,0,38.66918
2257,r3a19n270,19,0,35.38636
2258,r3a19n280,19,0,39.18023
2259,r3a19n290,19,0,37.17211
2260,r3a20n100,20,0,35.253080000000004
2261,r3a20n110,20,0,37.22967
2262,r3a20n120,20,0,36.17299
2263,r3a20n130,20,0,39.30346
2264,r3a20n140,20,0,35.92244
2265,r3a20n150,20,0,39.61854
2266,r3a20n160,20,0,38.86374
2267,r3a20n170,20,0,36.0832
2268,r3a20n180,20,0,38.78154
2269,r3a20n190,20,0,37.69515
2270,r3a20n200,20,0,35.335339999999995
2271,r3a20n210,20,0,35.287169999999996
2272,r3a20n220,20,0,38.26152
2273,r3a20n230,20,0,38.88318
2274,r3a20n240,20,0,39.57305
2275,r3a20n250,20,0,35.69637
2276,r3a20n260,20,0,36.9715
2277,r3a20n270,20,0,39.267019999999995
2278,r3a20n280,20,0,37.00884
2279,r3a20n290,20,0,37.91064
2280,r3a21n100,21,0,40.04173
2281,r3a21n110,21,0,38.85745
2282,r3a21n120,21,0,39.58385
2283,r3a21n130,21,0,38.62574
2284,r3a21n140,21,0,38.56465
2285,r3a21n150,21,0,39.34796
2286,r3a21n160,21,0,39.81299
2287,r3a21n170,21,0,40.03476
2288,r3a21n180,21,0,38.03834
2289,r3a21n190,21,0,38.078089999999996
2290,r3a21n200,21,0,37.56693
2291,r3a21n210,21,0,36.08062
2292,r3a21n220,21,0,38.34679
2293,r3a21n230,21,0,36.64489
2294,r3a21n240,21,0,36.80021
2295,r3a21n250,21,0,36.71449
2296,r3a21n260,21,0,38.68632
2297,r3a21n270,21,0,37.04136
2298,r3a21n280,21,0,36.568169999999995
2299,r3a21n290,21,0,38.901410000000006
2300,r3a22n100,22,0,35.444849999999995
2301,r3a22n110,22,0,39.165519999999994
2302,r3a22n120,22,0,36.20187
2303,r3a22n130,22,0,36.35235
2304,r3a22n140,22,0,38.46828
2305,r3a22n150,22,0,35.562129999999996
2306,r3a22n160,22,0,35.93321
2307,r3a22n170,22,0,35.46074
2308,r3a22n180,22,0,36.47037
2309,r3a22n190,22,0,39.144760000000005
2310,r3a22n200,22,0,36.26854
2311,r3a22n210,22,0,37.848870000000005
2312,r3a22n220,22,0,36.63156
2313,r3a22n230,22,0,38.26621
2314,r3a22n240,22,0,36.36603
2315,r3a22n250,22,0,39.91063
2316,r3a22n260,22,0,37.696949999999994
2317,r3a22n270,22,0,37.07148
2318,r3a22n280,22,0,38.52696
2319,r3a22n290,22,0,35.86172
2320,r3a23n100,23,0,36.06451
2321,r3a23n110,23,0,38.93994
2322,r3a23n120,23,0,38.42172
2323,r3a23n130,23,0,35.57237
2324,r3a23n140,23,0,38.50444
2325,r3a23n150,23,0,35.7164
2326,r3a23n160,23,0,36.34487
2327,r3a23n170,23,0,38.318059999999996
2328,r3a23n180,23,0,36.52816000000001
2329,r3a23n190,23,0,35.80607
2330,r3a23n200,23,0,40.03042
2331,r3a23n210,23,0,38.372699999999995
2332,r3a23n220,23,0,36.0772
2333,r3a23n230,23,0,40.0177
2334,r3a23n240,23,0,35.40373
2335,r3a23n250,23,0,37.77966000000001
2336,r3a23n260,23,0,38.00061
2337,r3a23n270,23,0,38.75588
2338,r3a23n280,23,0,37.77219
2339,r3a23n290,23,0,39.252269999999996
2340,r3a24n100,24,0,38.27411
2341,r3a24n110,24,0,35.52798000000001
2342,r3a24n120,24,0,38.646339999999995
2343,r3a24n130,24,0,37.70947
2344,r3a24n140,24,0,37.09026
2345,r3a24n150,24,0,36.82822
2346,r3a24n160,24,0,38.6571
2347,r3a24n170,24,0,38.97803
2348,r3a24n180,24,0,38.14259
2349,r3a24n190,24,0,37.86824
2350,r3a24n200,24,0,38.58352
2351,r3a24n210,24,0,38.27359
2352,r3a24n220,24,0,38.68665
2353,r3a24n230,24,0,38.618199999999995
2354,r3a24n240,24,0,38.275349999999996
2355,r3a24n250,24,0,35.74876999999999
2356,r3a24n260,24,0,39.08565
2357,r3a24n270,24,0,38.07583
2358,r3a24n280,24,0,38.85353
2359,r3a24n290,24,0,36.51654
2360,r3a25n100,25,0,37.886480000000006
2361,r3a25n110,25,0,37.519690000000004
2362,r3a25n120,25,0,39.53908
2363,r3a25n130,25,0,37.936370000000004
2364,r3a25n140,25,0,35.44973
2365,r3a25n150,25,0,37.09094
2366,r3a25n160,25,0,38.80628
2367,r3a25n170,25,0,35.69465
2368,r3a25n180,25,0,37.50468
2369,r3a25n190,25,0,36.7665
2370,r3a25n200,25,0,38.772349999999996
2371,r3a25n210,25,0,38.09457
2372,r3a25n220,25,0,35.61305
2373,r3a25n230,25,0,36.045379999999994
2374,r3a25n240,25,0,38.24684
2375,r3a25n250,25,0,39.91162
2376,r3a25n260,25,0,37.83132
2377,r3a25n270,25,0,39.51532
2378,r3a25n280,25,0,37.98004
2379,r3a25n290,25,0,38.621050000000004
2380,r3a26n100,26,0,36.38304
2381,r3a26n110,26,0,38.04132
2382,r3a26n120,26,0,35.45087
2383,r3a26n130,26,0,39.90611
2384,r3a26n140,26,0,36.48077
2385,r3a26n150,26,0,39.693160000000006
2386,r3a26n160,26,0,37.049730000000004
2387,r3a26n170,26,0,38.69992
2388,r3a26n180,26,0,39.57396
2389,r3a26n190,26,0,38.79037
2390,r3a26n200,26,0,35.4356
2391,r3a26n210,26,0,35.90285
2392,r3a26n220,26,0,38.01703
2393,r3a26n230,26,0,35.379949999999994
2394,r3a26n240,26,0,36.26249
2395,r3a26n250,26,0,35.553599999999996
2396,r3a26n260,26,0,35.73232
2397,r3a26n270,26,0,40.026379999999996
2398,r3a26n280,26,0,38.54978
2399,r3a26n290,26,0,37.48003
2400,r3a27n100,27,0,38.34063
2401,r3a27n110,27,0,38.33233
2402,r3a27n120,27,0,36.7259
2403,r3a27n130,27,0,39.73812
2404,r3a27n140,27,0,38.667809999999996
2405,r3a27n150,27,0,38.406819999999996
2406,r3a27n160,27,0,35.307
2407,r3a27n170,27,0,36.36109
2408,r3a27n180,27,0,36.23991
2409,r3a27n190,27,0,37.12296
2410,r3a27n200,27,0,39.141980000000004
2411,r3a27n210,27,0,39.46018
2412,r3a27n220,27,0,36.47832
2413,r3a27n230,27,0,38.85971
2414,r3a27n240,27,0,37.14993
2415,r3a27n250,27,0,36.176190000000005
2416,r3a27n260,27,0,39.20391
2417,r3a27n270,27,0,39.73415
2418,r3a27n280,27,0,39.66768
2419,r3a27n290,27,0,36.843019999999996
2420,r3a28n100,28,0,35.743339999999996
2421,r3a28n110,28,0,37.47835
2422,r3a28n120,28,0,37.108239999999995
2423,r3a28n130,28,0,36.402440000000006
2424,r3a28n140,28,0,35.27288
2425,r3a28n150,28,0,40.0197
2426,r3a28n160,28,0,36.17005
2427,r3a28n170,28,0,39.36171
2428,r3a28n180,28,0,39.382239999999996
2429,r3a28n190,28,0,37.90029
2430,r3a28n200,28,0,39.7139
2431,r3a28n210,28,0,38.066720000000004
2432,r3a28n220,28,0,35.957449999999994
2433,r3a28n230,28,0,39.92827
2434,r3a28n240,28,0,38.60913
2435,r3a28n250,28,0,36.300110000000004
2436,r3a28n260,28,0,37.17449
2437,r3a28n270,28,0,39.681599999999996
2438,r3a28n280,28,0,35.867
2439,r3a28n290,28,0,37.066489999999995
2440,r3a29n100,29,0,37.98346
2441,r3a29n110,29,0,35.46463
2442,r3a29n120,29,0,39.64452
2443,r3a29n130,29,0,39.44419
2444,r3a29n140,29,0,37.855470000000004
2445,r3a29n150,29,0,38.47251
2446,r3a29n160,29,0,38.008120000000005
2447,r3a29n170,29,0,39.70862
2448,r3a29n180,29,0,39.60729
2449,r3a29n190,29,0,39.08111
2450,r3a29n200,29,0,38.98411
2451,r3a29n210,29,0,36.50457
2452,r3a29n220,29,0,36.7199
2453,r3a29n230,29,0,38.5406
2454,r3a29n240,29,0,38.09394
2455,r3a29n250,29,0,39.178050000000006
2456,r3a29n260,29,0,36.14958
2457,r3a29n270,29,0,37.65693
2458,r3a29n280,29,0,37.70142
2459,r3a29n290,29,0,39.68946
2460,r3a30n100,30,0,36.61462
2461,r3a30n110,30,0,36.70194
2462,r3a30n120,30,0,37.70599
2463,r3a30n130,30,0,35.81521
2464,r3a30n140,30,0,38.7473
2465,r3a30n150,30,0,35.37681
2466,r3a30n160,30,0,36.05668
2467,r3a30n170,30,0,36.663230000000006
2468,r3a30n180,30,0,38.738800000000005
2469,r3a30n190,30,0,36.25056
2470,r3a30n200,30,0,35.860730000000004
2471,r3a30n210,30,0,39.61703
2472,r3a30n220,30,0,37.49972
2473,r3a30n230,30,0,38.85678
2474,r3a30n240,30,0,36.97399
2475,r3a30n250,30,0,37.704879999999996
2476,r3a30n260,30,0,35.431940000000004
2477,r3a30n270,30,0,39.27376
2478,r3a30n280,30,0,36.77776
2479,r3a30n290,30,0,39.20096
2480,r4a0n100,0,0,154.06034
2481,r4a0n110,0,0,148.20398
2482,r4a0n120,0,0,160.2246
2483,r4a0n130,0,0,151.32184
2484,r4a0n140,0,0,151.89319
2485,r4a0n150,0,0,153.67493
2486,r4a0n160,0,0,152.57627
2487,r4a0n170,0,0,158.41213
2488,r4a0n180,0,0,160.35829999999999
2489,r4a0n190,0,0,166.50847
2490,r4a0n200,0,0,155.0626
2491,r4a0n210,0,0,161.81791
2492,r4a0n220,0,0,167.31488000000002
2493,r4a0n230,0,0,165.54093
2494,r4a0n240,0,0,159.17494
2495,r4a0n250,0,0,158.80639000000002
2496,r4a0n260,0,0,153.37904999999998
2497,r4a0n270,0,0,159.09855
2498,r4a0n280,0,0,154.31748000000002
2499,r4a0n290,0,0,166.24196
2500,r4a1n100,1,0,149.11418
2501,r4a1n110,1,0,158.12222
2502,r4a1n120,1,0,160.18092000000001
2503,r4a1n130,1,0,152.79542999999998
2504,r4a1n140,1,0,152.36660999999998
2505,r4a1n150,1,0,166.19879999999998
2506,r4a1n160,1,0,147.98660999999998
2507,r4a1n170,1,0,149.24092000000002
2508,r4a1n180,1,0,163.65203
2509,r4a1n190,1,0,160.86664000000002
2510,r4a1n200,1,0,160.50757000000002
2511,r4a1n210,1,0,158.13852
2512,r4a1n220,1,0,152.08528
2513,r4a1n230,1,0,159.11199
2514,r4a1n240,1,0,152.48827
2515,r4a1n250,1,0,157.06392000000002
2516,r4a1n260,1,0,148.26704
2517,r4a1n270,1,0,150.18780999999998
2518,r4a1n280,1,0,159.9591
2519,r4a1n290,1,0,156.11720000000003
2520,r4a2n100,2,0,148.95033999999998
2521,r4a2n110,2,0,149.75886
2522,r4a2n120,2,0,149.25207
2523,r4a2n130,2,0,159.03926
2524,r4a2n140,2,0,148.43295999999998
2525,r4a2n150,2,0,166.92032999999998
2526,r4a2n160,2,0,164.90403
2527,r4a2n170,2,0,163.12189999999998
2528,r4a2n180,2,0,151.47069
2529,r4a2n190,2,0,148.84912
2530,r4a2n200,2,0,148.82997
2531,r4a2n210,2,0,162.38982000000001
2532,r4a2n220,2,0,149.21713
2533,r4a2n230,2,0,165.33641
2534,r4a2n240,2,0,148.26544
2535,r4a2n250,2,0,158.34778
2536,r4a2n260,2,0,166.948
2537,r4a2n270,2,0,162.84559
2538,r4a2n280,2,0,166.5871
2539,r4a2n290,2,0,157.64897
2540,r4a3n100,3,0,161.33324
2541,r4a3n110,3,0,162.02721
2542,r4a3n120,3,0,152.05664000000002
2543,r4a3n130,3,0,154.30139000000003
2544,r4a3n140,3,0,153.81913
2545,r4a3n150,3,0,165.18528
2546,r4a3n160,3,0,155.14053
2547,r4a3n170,3,0,150.60619
2548,r4a3n180,3,0,163.22398
2549,r4a3n190,3,0,164.02566000000002
2550,r4a3n200,3,0,148.32591
2551,r4a3n210,3,0,152.36687
2552,r4a3n220,3,0,150.81659
2553,r4a3n230,3,0,152.60162
2554,r4a3n240,3,0,165.59198
2555,r4a3n250,3,0,148.47875
2556,r4a3n260,3,0,165.80468
2557,r4a3n270,3,0,160.11228
2558,r4a3n280,3,0,154.621
2559,r4a3n290,3,0,161.47277
2560,r4a4n100,4,0,162.68532000000002
2561,r4a4n110,4,0,164.65215
2562,r4a4n120,4,0,148.87569
2563,r4a4n130,4,0,161.18838
2564,r4a4n140,4,0,149.11785999999998
2565,r4a4n150,4,0,152.90629
2566,r4a4n160,4,0,149.06294
2567,r4a4n170,4,0,166.53829000000002
2568,r4a4n180,4,0,155.73587
2569,r4a4n190,4,0,168.18854000000002
2570,r4a4n200,4,0,160.38675
2571,r4a4n210,4,0,150.56659
2572,r4a4n220,4,0,156.14028
2573,r4a4n230,4,0,150.40395999999998
2574,r4a4n240,4,0,148.45163
2575,r4a4n250,4,0,154.78323
2576,r4a4n260,4,0,152.54146
2577,r4a4n270,4,0,161.6502
2578,r4a4n280,4,0,160.93364000000003
2579,r4a4n290,4,0,150.31068
2580,r4a5n100,5,1,148.47779
2581,r4a5n110,5,1,158.913
2582,r4a5n120,5,1,167.71871
2583,r4a5n130,5,1,155.0835
2584,r4a5n140,5,1,155.54585999999998
2585,r4a5n150,5,1,158.80413000000001
2586,r4a5n160,5,1,150.29697
2587,r4a5n170,5,1,156.63938000000002
2588,r4a5n180,5,1,158.62429999999998
2589,r4a5n190,5,1,155.87196
2590,r4a5n200,5,1,150.36132999999998
2591,r4a5n210,5,1,161.7705
2592,r4a5n220,5,1,157.36353
2593,r4a5n230,5,1,165.40943
2594,r4a5n240,5,1,168.14618
2595,r4a5n250,5,1,164.27212
2596,r4a5n260,5,1,168.09885999999997
2597,r4a5n270,5,1,162.53752
2598,r4a5n280,5,1,150.78011999999998
2599,r4a5n290,5,1,152.18899
2600,r4a6n100,6,1,167.33829999999998
2601,r4a6n110,6,1,147.73863
2602,r4a6n120,6,1,165.22677
2603,r4a6n130,6,1,167.46492
2604,r4a6n140,6,1,159.082
2605,r4a6n150,6,1,165.98347
2606,r4a6n160,6,1,158.85569
2607,r4a6n170,6,1,150.34951999999998
2608,r4a6n180,6,1,165.31537
2609,r4a6n190,6,1,151.49139000000002
2610,r4a6n200,6,1,148.12837
2611,r4a6n210,6,1,154.38459
2612,r4a6n220,6,1,155.67744
2613,r4a6n230,6,1,166.00633
2614,r4a6n240,6,1,151.67994000000002
2615,r4a6n250,6,1,167.42261
2616,r4a6n260,6,1,167.03248000000002
2617,r4a6n270,6,1,153.83819
2618,r4a6n280,6,1,157.6498
2619,r4a6n290,6,1,164.74373
2620,r4a7n100,7,1,164.82210999999998
2621,r4a7n110,7,1,149.64642999999998
2622,r4a7n120,7,1,164.22753
2623,r4a7n130,7,1,162.47338
2624,r4a7n140,7,1,166.77137
2625,r4a7n150,7,1,160.89251000000002
2626,r4a7n160,7,1,151.44329000000002
2627,r4a7n170,7,1,157.82415
2628,r4a7n180,7,1,162.6612
2629,r4a7n190,7,1,153.88581
2630,r4a7n200,7,1,161.93751
2631,r4a7n210,7,1,148.1766
2632,r4a7n220,7,1,148.7424
2633,r4a7n230,7,1,164.55404000000001
2634,r4a7n240,7,1,155.20292999999998
2635,r4a7n250,7,1,152.06793
2636,r4a7n260,7,1,164.75907999999998
2637,r4a7n270,7,1,163.92957
2638,r4a7n280,7,1,156.28524
2639,r4a7n290,7,1,167.17494
2640,r4a8n100,8,1,157.9314
2641,r4a8n110,8,1,166.29558
2642,r4a8n120,8,1,167.2039
2643,r4a8n130,8,1,166.54364999999999
2644,r4a8n140,8,1,159.23445
2645,r4a8n150,8,1,150.80104999999998
2646,r4a8n160,8,1,150.27686
2647,r4a8n170,8,1,152.83952
2648,r4a8n180,8,1,151.27235000000002
2649,r4a8n190,8,1,154.22379999999998
2650,r4a8n200,8,1,161.60895000000002
2651,r4a8n210,8,1,163.37789
2652,r4a8n220,8,1,161.48062
2653,r4a8n230,8,1,163.32382
2654,r4a8n240,8,1,158.13253
2655,r4a8n250,8,1,159.70349
2656,r4a8n260,8,1,155.58568
2657,r4a8n270,8,1,149.2233
2658,r4a8n280,8,1,150.9785
2659,r4a8n290,8,1,156.36507999999998
2660,r4a9n100,9,1,162.11676
2661,r4a9n110,9,1,157.42106
2662,r4a9n120,9,1,158.37248000000002
2663,r4a9n130,9,1,153.38615
2664,r4a9n140,9,1,166.71962
2665,r4a9n150,9,1,162.39104
2666,r4a9n160,9,1,158.23137
2667,r4a9n170,9,1,165.65448999999998
2668,r4a9n180,9,1,166.1961
2669,r4a9n190,9,1,168.22192
2670,r4a9n200,9,1,167.62701
2671,r4a9n210,9,1,155.58987
2672,r4a9n220,9,1,163.76987
2673,r4a9n230,9,1,150.95342000000002
2674,r4a9n240,9,1,163.37309
2675,r4a9n250,9,1,161.66125
2676,r4a9n260,9,1,168.04061
2677,r4a9n270,9,1,159.32125
2678,r4a9n280,9,1,166.88887
2679,r4a9n290,9,1,161.77972
2680,r4a10n100,10,0,155.4159
2681,r4a10n110,10,0,163.94293
2682,r4a10n120,10,0,148.75109
2683,r4a10n130,10,0,160.32129999999998
2684,r4a10n140,10,0,147.70273999999998
2685,r4a10n150,10,0,157.40788
2686,r4a10n160,10,0,151.77317000000002
2687,r4a10n170,10,0,166.10303
2688,r4a10n180,10,0,166.87102
2689,r4a10n190,10,0,153.88162
2690,r4a10n200,10,0,160.79281
2691,r4a10n210,10,0,160.47464000000002
2692,r4a10n220,10,0,166.17106
2693,r4a10n230,10,0,167.92721
2694,r4a10n240,10,0,155.80598999999998
2695,r4a10n250,10,0,163.14482999999998
2696,r4a10n260,10,0,155.75773999999998
2697,r4a10n270,10,0,147.92756
2698,r4a10n280,10,0,154.28947
2699,r4a10n290,10,0,153.29625
2700,r4a11n100,11,0,159.6375
2701,r4a11n110,11,0,166.47364000000002
2702,r4a11n120,11,0,158.07626000000002
2703,r4a11n130,11,0,166.95204
2704,r4a11n140,11,0,164.20520000000002
2705,r4a11n150,11,0,166.90932999999998
2706,r4a11n160,11,0,158.07470999999998
2707,r4a11n170,11,0,160.19757
2708,r4a11n180,11,0,150.46266
2709,r4a11n190,11,0,147.48829999999998
2710,r4a11n200,11,0,151.02613
2711,r4a11n210,11,0,148.16518
2712,r4a11n220,11,0,155.44302
2713,r4a11n230,11,0,158.81476
2714,r4a11n240,11,0,152.80757999999997
2715,r4a11n250,11,0,163.26292
2716,r4a11n260,11,0,163.55492999999998
2717,r4a11n270,11,0,150.73313000000002
2718,r4a11n280,11,0,155.02876999999998
2719,r4a11n290,11,0,150.01757
2720,r4a12n100,12,0,155.94921
2721,r4a12n110,12,0,168.04001
2722,r4a12n120,12,0,147.73806
2723,r4a12n130,12,0,160.17194
2724,r4a12n140,12,0,164.18513000000002
2725,r4a12n150,12,0,163.61533
2726,r4a12n160,12,0,156.65835
2727,r4a12n170,12,0,153.11619
2728,r4a12n180,12,0,157.23882999999998
2729,r4a12n190,12,0,164.22304
2730,r4a12n200,12,0,147.65319
2731,r4a12n210,12,0,147.51141
2732,r4a12n220,12,0,161.69075
2733,r4a12n230,12,0,151.84147000000002
2734,r4a12n240,12,0,150.62238
2735,r4a12n250,12,0,162.71863000000002
2736,r4a12n260,12,0,166.71049
2737,r4a12n270,12,0,163.96120000000002
2738,r4a12n280,12,0,157.5711
2739,r4a12n290,12,0,161.12381
2740,r4a13n100,13,0,150.32405
2741,r4a13n110,13,0,164.43957
2742,r4a13n120,13,0,147.8881
2743,r4a13n130,13,0,164.27781
2744,r4a13n140,13,0,161.63742000000002
2745,r4a13n150,13,0,148.88427
2746,r4a13n160,13,0,155.31705
2747,r4a13n170,13,0,149.55534
2748,r4a13n180,13,0,166.02218
2749,r4a13n190,13,0,158.36160999999998
2750,r4a13n200,13,0,155.03662
2751,r4a13n210,13,0,153.41835
2752,r4a13n220,13,0,162.8074
2753,r4a13n230,13,0,167.9808
2754,r4a13n240,13,0,151.07858
2755,r4a13n250,13,0,156.97235
2756,r4a13n260,13,0,168.25404999999998
2757,r4a13n270,13,0,166.71554
2758,r4a13n280,13,0,154.75901000000002
2759,r4a13n290,13,0,155.89301999999998
2760,r4a14n100,14,0,161.23423
2761,r4a14n110,14,0,157.80679999999998
2762,r4a14n120,14,0,167.64641
2763,r4a14n130,14,0,153.87947
2764,r4a14n140,14,0,157.755
2765,r4a14n150,14,0,162.09403
2766,r4a14n160,14,0,150.81652
2767,r4a14n170,14,0,156.5191
2768,r4a14n180,14,0,150.45326
2769,r4a14n190,14,0,155.54099
2770,r4a14n200,14,0,161.53938
2771,r4a14n210,14,0,167.86419
2772,r4a14n220,14,0,156.65763
2773,r4a14n230,14,0,162.23078
2774,r4a14n240,14,0,154.44743
2775,r4a14n250,14,0,155.08848
2776,r4a14n260,14,0,155.0156
2777,r4a14n270,14,0,161.66682
2778,r4a14n280,14,0,155.61031
2779,r4a14n290,14,0,149.23710999999997
2780,r4a15n100,15,0,156.05273
2781,r4a15n110,15,0,167.9594
2782,r4a15n120,15,0,162.31325
2783,r4a15n130,15,0,166.46377999999999
2784,r4a15n140,15,0,155.42318
2785,r4a15n150,15,0,149.30295
2786,r4a15n160,15,0,149.29799
2787,r4a15n170,15,0,150.22323
2788,r4a15n180,15,0,164.13789000000003
2789,r4a15n190,15,0,153.31912
2790,r4a15n200,15,0,153.27284
2791,r4a15n210,15,0,161.63595999999998
2792,r4a15n220,15,0,151.73907
2793,r4a15n230,15,0,159.28563
2794,r4a15n240,15,0,161.13254
2795,r4a15n250,15,0,159.42219
2796,r4a15n260,15,0,157.06221
2797,r4a15n270,15,0,156.27410999999998
2798,r4a15n280,15,0,150.05167
2799,r4a15n290,15,0,154.45275
2800,r4a16n100,16,0,166.32187
2801,r4a16n110,16,0,164.00239000000002
2802,r4a16n120,16,0,164.7094
2803,r4a16n130,16,0,168.19439000000003
2804,r4a16n140,16,0,160.42264
2805,r4a16n150,16,0,165.59567
2806,r4a16n160,16,0,148.94111999999998
2807,r4a16n170,16,0,151.29498
2808,r4a16n180,16,0,150.61502
2809,r4a16n190,16,0,160.65763
2810,r4a16n200,16,0,165.23225
2811,r4a16n210,16,0,155.06551000000002
2812,r4a16n220,16,0,160.13789000000003
2813,r4a16n230,16,0,161.84216
2814,r4a16n240,16,0,150.17014
2815,r4a16n250,16,0,156.60973
2816,r4a16n260,16,0,162.42111
2817,r4a16n270,16,0,156.07147
2818,r4a16n280,16,0,160.13575
2819,r4a16n290,16,0,166.97973000000002
2820,r4a17n100,17,0,162.99132999999998
2821,r4a17n110,17,0,151.85351
2822,r4a17n120,17,0,160.81107999999998
2823,r4a17n130,17,0,152.96795
2824,r4a17n140,17,0,150.25315
2825,r4a17n150,17,0,157.65429
2826,r4a17n160,17,0,160.02191
2827,r4a17n170,17,0,150.5163
2828,r4a17n180,17,0,158.53504999999998
2829,r4a17n190,17,0,158.76642999999999
2830,r4a17n200,17,0,159.44720999999998
2831,r4a17n210,17,0,155.21905999999998
2832,r4a17n220,17,0,166.82470999999998
2833,r4a17n230,17,0,154.48337
2834,r4a17n240,17,0,162.12831
2835,r4a17n250,17,0,148.96603
2836,r4a17n260,17,0,164.50073
2837,r4a17n270,17,0,162.14038
2838,r4a17n280,17,0,160.42114999999998
2839,r4a17n290,17,0,155.31104000000002
2840,r4a18n100,18,0,162.37461
2841,r4a18n110,18,0,153.31068
2842,r4a18n120,18,0,156.58760999999998
2843,r4a18n130,18,0,165.62223999999998
2844,r4a18n140,18,0,152.41782
2845,r4a18n150,18,0,160.58876
2846,r4a18n160,18,0,163.2315
2847,r4a18n170,18,0,167.49506
2848,r4a18n180,18,0,147.56033
2849,r4a18n190,18,0,162.66374
2850,r4a18n200,18,0,166.11210999999997
2851,r4a18n210,18,0,157.1215
2852,r4a18n220,18,0,158.24407
2853,r4a18n230,18,0,164.21026
2854,r4a18n240,18,0,153.3995
2855,r4a18n250,18,0,157.18632
2856,r4a18n260,18,0,158.66595999999998
2857,r4a18n270,18,0,162.50629999999998
2858,r4a18n280,18,0,150.64835
2859,r4a18n290,18,0,155.41501
2860,r4a19n100,19,0,155.20520000000002
2861,r4a19n110,19,0,166.96837
2862,r4a19n120,19,0,157.12257
2863,r4a19n130,19,0,156.20112
2864,r4a19n140,19,0,154.18273000000002
2865,r4a19n150,19,0,147.71518
2866,r4a19n160,19,0,164.22619
2867,r4a19n170,19,0,155.59626999999998
2868,r4a19n180,19,0,149.14918
2869,r4a19n190,19,0,164.68645999999998
2870,r4a19n200,19,0,167.95318
2871,r4a19n210,19,0,154.27918
2872,r4a19n220,19,0,158.41207
2873,r4a19n230,19,0,156.72063
2874,r4a19n240,19,0,165.88898999999998
2875,r4a19n250,19,0,158.91414
2876,r4a19n260,19,0,154.47706
2877,r4a19n270,19,0,154.09807999999998
2878,r4a19n280,19,0,154.53939000000003
2879,r4a19n290,19,0,163.10733
2880,r4a20n100,20,0,148.07297
2881,r4a20n110,20,0,155.35508
2882,r4a20n120,20,0,150.49444
2883,r4a20n130,20,0,156.59912
2884,r4a20n140,20,0,160.82901999999999
2885,r4a20n150,20,0,155.39327
2886,r4a20n160,20,0,148.47873
2887,r4a20n170,20,0,152.19601999999998
2888,r4a20n180,20,0,161.3168
2889,r4a20n190,20,0,159.10022
2890,r4a20n200,20,0,162.63396
2891,r4a20n210,20,0,155.96363
2892,r4a20n220,20,0,148.27047
2893,r4a20n230,20,0,151.2703
2894,r4a20n240,20,0,167.25245
2895,r4a20n250,20,0,149.55283
2896,r4a20n260,20,0,165.42539000000002
2897,r4a20n270,20,0,162.90041
2898,r4a20n280,20,0,161.06441
2899,r4a20n290,20,0,153.70977
2900,r4a21n100,21,0,167.26738
2901,r4a21n110,21,0,147.73779000000002
2902,r4a21n120,21,0,154.49035999999998
2903,r4a21n130,21,0,158.74114
2904,r4a21n140,21,0,167.14828
2905,r4a21n150,21,0,147.4784
2906,r4a21n160,21,0,160.43617
2907,r4a21n170,21,0,159.2194
2908,r4a21n180,21,0,154.78889999999998
2909,r4a21n190,21,0,156.9484
2910,r4a21n200,21,0,155.70162
2911,r4a21n210,21,0,155.11953
2912,r4a21n220,21,0,160.58592000000002
2913,r4a21n230,21,0,164.18357999999998
2914,r4a21n240,21,0,151.0901
2915,r4a21n250,21,0,163.60535000000002
2916,r4a21n260,21,0,158.99742999999998
2917,r4a21n270,21,0,152.77506
2918,r4a21n280,21,0,150.42288
2919,r4a21n290,21,0,168.05665
2920,r4a22n100,22,0,165.73743
2921,r4a22n110,22,0,160.8647
2922,r4a22n120,22,0,152.48068
2923,r4a22n130,22,0,155.07722
2924,r4a22n140,22,0,156.7435
2925,r4a22n150,22,0,159.80927
2926,r4a22n160,22,0,149.10160000000002
2927,r4a22n170,22,0,152.88106
2928,r4a22n180,22,0,154.4484
2929,r4a22n190,22,0,166.14569
2930,r4a22n200,22,0,157.61120000000003
2931,r4a22n210,22,0,155.39448000000002
2932,r4a22n220,22,0,164.61312
2933,r4a22n230,22,0,149.25351999999998
2934,r4a22n240,22,0,166.23604
2935,r4a22n250,22,0,165.3255
2936,r4a22n260,22,0,154.51913000000002
2937,r4a22n270,22,0,159.98882999999998
2938,r4a22n280,22,0,152.87427
2939,r4a22n290,22,0,156.42225
2940,r4a23n100,23,0,161.75588
2941,r4a23n110,23,0,166.83442000000002
2942,r4a23n120,23,0,156.27821
2943,r4a23n130,23,0,159.11773000000002
2944,r4a23n140,23,0,153.09326000000001
2945,r4a23n150,23,0,163.98426999999998
2946,r4a23n160,23,0,157.99116
2947,r4a23n170,23,0,161.79385
2948,r4a23n180,23,0,160.26032
2949,r4a23n190,23,0,156.82299
2950,r4a23n200,23,0,159.30288000000002
2951,r4a23n210,23,0,164.07456
2952,r4a23n220,23,0,151.46159
2953,r4a23n230,23,0,147.6594
2954,r4a23n240,23,0,155.05617
2955,r4a23n250,23,0,165.77926000000002
2956,r4a23n260,23,0,154.29977
2957,r4a23n270,23,0,148.45326
2958,r4a23n280,23,0,163.54737
2959,r4a23n290,23,0,152.77464
2960,r4a24n100,24,0,157.54906
2961,r4a24n110,24,0,156.57345
2962,r4a24n120,24,0,152.02859
2963,r4a24n130,24,0,153.53874
2964,r4a24n140,24,0,157.97588000000002
2965,r4a24n150,24,0,167.03463
2966,r4a24n160,24,0,149.97938
2967,r4a24n170,24,0,158.3339
2968,r4a24n180,24,0,147.70747
2969,r4a24n190,24,0,150.46228
2970,r4a24n200,24,0,162.38407999999998
2971,r4a24n210,24,0,152.37097
2972,r4a24n220,24,0,165.90466
2973,r4a24n230,24,0,163.37688
2974,r4a24n240,24,0,148.69494
2975,r4a24n250,24,0,163.28054
2976,r4a24n260,24,0,154.10417999999999
2977,r4a24n270,24,0,149.29799
2978,r4a24n280,24,0,167.64404000000002
2979,r4a24n290,24,0,161.72113000000002
2980,r4a25n100,25,0,166.40535
2981,r4a25n110,25,0,165.38374
2982,r4a25n120,25,0,151.98032999999998
2983,r4a25n130,25,0,156.05771
2984,r4a25n140,25,0,149.00323
2985,r4a25n150,25,0,148.45583
2986,r4a25n160,25,0,160.85420000000002
2987,r4a25n170,25,0,156.10136
2988,r4a25n180,25,0,164.93963
2989,r4a25n190,25,0,156.43094
2990,r4a25n200,25,0,157.00389
2991,r4a25n210,25,0,154.65148000000002
2992,r4a25n220,25,0,157.50182
2993,r4a25n230,25,0,153.68738000000002
2994,r4a25n240,25,0,160.04279
2995,r4a25n250,25,0,166.49885999999998
2996,r4a25n260,25,0,160.64512
2997,r4a25n270,25,0,147.63624
2998,r4a25n280,25,0,148.18712
2999,r4a25n290,25,0,167.30523000000002
3000,r4a26n100,26,0,153.16672
3001,r4a26n110,26,0,164.6499
3002,r4a26n120,26,0,149.98063
3003,r4a26n130,26,0,159.73
3004,r4a26n140,26,0,155.72481
3005,r4a26n150,26,0,151.22601
3006,r4a26n160,26,0,160.89398
3007,r4a26n170,26,0,163.39757
3008,r4a26n180,26,0,167.15186
3009,r4a26n190,26,0,157.74654999999998
3010,r4a26n200,26,0,156.50374
3011,r4a26n210,26,0,153.76597
3012,r4a26n220,26,0,158.85070000000002
3013,r4a26n230,26,0,167.9841
3014,r4a26n240,26,0,166.85714000000002
3015,r4a26n250,26,0,149.18178
3016,r4a26n260,26,0,167.58492999999999
3017,r4a26n270,26,0,151.75495
3018,r4a26n280,26,0,149.09715
3019,r4a26n290,26,0,159.72791
3020,r4a27n100,27,0,153.78669
3021,r4a27n110,27,0,150.2473
3022,r4a27n120,27,0,154.75351
3023,r4a27n130,27,0,163.44612
3024,r4a27n140,27,0,161.75917
3025,r4a27n150,27,0,159.05960000000002
3026,r4a27n160,27,0,150.01841000000002
3027,r4a27n170,27,0,148.13073
3028,r4a27n180,27,0,162.26022
3029,r4a27n190,27,0,166.15179999999998
3030,r4a27n200,27,0,167.57056
3031,r4a27n210,27,0,160.45746
3032,r4a27n220,27,0,168.25131
3033,r4a27n230,27,0,159.59944000000002
3034,r4a27n240,27,0,166.94213
3035,r4a27n250,27,0,163.15519
3036,r4a27n260,27,0,163.63977
3037,r4a27n270,27,0,160.98266
3038,r4a27n280,27,0,160.4414
3039,r4a27n290,27,0,166.51424
3040,r4a28n100,28,0,159.18327
3041,r4a28n110,28,0,151.29295000000002
3042,r4a28n120,28,0,159.37587
3043,r4a28n130,28,0,164.64870000000002
3044,r4a28n140,28,0,148.34946
3045,r4a28n150,28,0,159.4935
3046,r4a28n160,28,0,157.84034
3047,r4a28n170,28,0,161.80564
3048,r4a28n180,28,0,149.80388
3049,r4a28n190,28,0,164.18153
3050,r4a28n200,28,0,148.77339
3051,r4a28n210,28,0,156.48708
3052,r4a28n220,28,0,160.93598
3053,r4a28n230,28,0,158.98078
3054,r4a28n240,28,0,153.0375
3055,r4a28n250,28,0,151.34536
3056,r4a28n260,28,0,161.54546
3057,r4a28n270,28,0,151.48302999999999
3058,r4a28n280,28,0,153.52970000000002
3059,r4a28n290,28,0,154.17789000000002
3060,r4a29n100,29,0,157.30222
3061,r4a29n110,29,0,165.88226
3062,r4a29n120,29,0,150.1262
3063,r4a29n130,29,0,165.324
3064,r4a29n140,29,0,162.98432
3065,r4a29n150,29,0,157.44138
3066,r4a29n160,29,0,152.08598
3067,r4a29n170,29,0,158.01651
3068,r4a29n180,29,0,155.97154999999998
3069,r4a29n190,29,0,164.57565
3070,r4a29n200,29,0,166.31191
3071,r4a29n210,29,0,150.60754
3072,r4a29n220,29,0,157.50082999999998
3073,r4a29n230,29,0,152.19497
3074,r4a29n240,29,0,164.87545
3075,r4a29n250,29,0,153.04467000000002
3076,r4a29n260,29,0,164.4026
3077,r4a29n270,29,0,154.92358
3078,r4a29n280,29,0,155.6286
3079,r4a29n290,29,0,161.61257
3080,r4a30n100,30,0,165.15226
3081,r4a30n110,30,0,156.59817
3082,r4a30n120,30,0,150.37909
3083,r4a30n130,30,0,167.85309
3084,r4a30n140,30,0,164.84899
3085,r4a30n150,30,0,153.72472
3086,r4a30n160,30,0,147.32435999999998
3087,r4a30n170,30,0,154.01546
3088,r4a30n180,30,0,155.96425
3089,r4a30n190,30,0,151.26006
3090,r4a30n200,30,0,156.59691
3091,r4a30n210,30,0,150.75251
3092,r4a30n220,30,0,162.53481
3093,r4a30n230,30,0,151.21660999999997
3094,r4a30n240,30,0,159.77272
3095,r4a30n250,30,0,154.76205
3096,r4a30n260,30,0,158.49731
3097,r4a30n270,30,0,161.37126999999998
3098,r4a30n280,30,0,149.46063
3099,r4a30n290,30,0,147.909
